UnitID,Institution Name,SAT Evidence-Based Reading and Writing 25th percentile score (ADM2019),SAT Evidence-Based Reading and Writing 75th percentile score (ADM2019),SAT Math 25th percentile score (ADM2019),SAT Math 75th percentile score (ADM2019),SAT Evidence-Based Reading and Writing 25th percentile score (ADM2018_RV),SAT Evidence-Based Reading and Writing 75th percentile score (ADM2018_RV),SAT Math 25th percentile score (ADM2018_RV),SAT Math 75th percentile score (ADM2018_RV),SAT Evidence-Based Reading and Writing 25th percentile score (ADM2017_RV),SAT Evidence-Based Reading and Writing 75th percentile score (ADM2017_RV),SAT Math 25th percentile score (ADM2017_RV),SAT Math 75th percentile score (ADM2017_RV),SAT Critical Reading 25th percentile score (ADM2016_RV),SAT Critical Reading 75th percentile score (ADM2016_RV),SAT Math 25th percentile score (ADM2016_RV),SAT Math 75th percentile score (ADM2016_RV),SAT Critical Reading 25th percentile score (ADM2015_RV),SAT Critical Reading 75th percentile score (ADM2015_RV),SAT Math 25th percentile score (ADM2015_RV),SAT Writing 25th percentile score (ADM2015_RV),SAT Writing 75th percentile score (ADM2015_RV),SAT Math 75th percentile score (ADM2015_RV),SAT Critical Reading 25th percentile score (ADM2014_RV),SAT Critical Reading 75th percentile score (ADM2014_RV),SAT Math 25th percentile score (ADM2014_RV),SAT Writing 25th percentile score (ADM2014_RV),SAT Writing 75th percentile score (ADM2014_RV),SAT Math 75th percentile score (ADM2014_RV),SAT Critical Reading 25th percentile score (IC2013_RV),SAT Critical Reading 75th percentile score (IC2013_RV),SAT Math 25th percentile score (IC2013_RV),SAT Writing 25th percentile score (IC2013_RV),SAT Writing 75th percentile score (IC2013_RV),SAT Math 75th percentile score (IC2013_RV),SAT Critical Reading 25th percentile score (IC2012_RV),SAT Critical Reading 75th percentile score (IC2012_RV),SAT Math 25th percentile score (IC2012_RV),SAT Writing 25th percentile score (IC2012_RV),SAT Writing 75th percentile score (IC2012_RV),SAT Math 75th percentile score (IC2012_RV),SAT Critical Reading 25th percentile score (IC2011_RV),SAT Critical Reading 75th percentile score (IC2011_RV),SAT Math 25th percentile score (IC2011_RV),SAT Writing 25th percentile score (IC2011_RV),SAT Writing 75th percentile score (IC2011_RV),SAT Math 75th percentile score (IC2011_RV),SAT Critical Reading 25th percentile score (IC2010_RV),SAT Critical Reading 75th percentile score (IC2010_RV),SAT Math 25th percentile score (IC2010_RV),SAT Writing 25th percentile score (IC2010_RV),SAT Writing 75th percentile score (IC2010_RV),SAT Math 75th percentile score (IC2010_RV),
131159,American University,620,700,590,690,630,700,590,680,610,690,570,660,590,690,560,650,590,690,560,570,670,650,590,680,560,580,670,660,590,690,570,580,680,660,590,690,570,580,680,670,600,700,570,580,680,670,590,710,580,580,690,680,
222831,Angelo State University,470,570,460,550,460,560,460,550,450,550,450,540,430,530,440,530,430,530,440,410,500,540,420,530,440,400,500,540,420,520,440,,,540,410,500,430,,,530,420,530,440,,,550,410,530,430,,,540,
197869,Appalachian State University,560,640,540,630,560,640,540,630,560,640,540,630,510,620,520,620,530,620,530,500,600,620,530,620,530,500,600,620,520,620,540,500,590,620,520,610,530,500,590,620,510,610,530,490,590,610,530,620,540,510,600,630,
448886,Arizona State University-Downtown Phoenix,550,640,530,630,550,640,530,630,540,640,530,620,480,590,480,590,480,590,480,,,590,480,590,490,,,590,490,600,480,,,590,,,,,,,,,,,,,,,,,,,
483124,Arizona State University-Skysong,,,,,,,,,,,,,,,,,,,,,,,,,,,,,400,490,400,,,490,,,,,,,,,,,,,,,,,,,
104151,Arizona State University-Tempe,560,670,560,690,570,670,560,690,560,670,560,680,500,630,520,650,510,630,520,,,640,500,630,520,,,640,500,620,520,,,650,480,610,490,,,630,480,600,490,,,620,470,590,480,,,620,
106458,Arkansas State University-Main Campus,510,610,503,610,510,588,520,608,508,605,508,625,433,585,500,620,400,540,470,420,480,540,420,500,480,400,490,560,410,515,458,413,478,548,435,505,460,400,480,555,410,480,440,410,500,575,450,550,480,460,590,580,
106467,Arkansas Tech University,,,,,,,,,,,,,,,,,,,,,,,410,580,440,410,580,630,370,490,410,370,490,520,440,570,450,,,580,410,470,430,,,540,415,550,490,,,600,
100858,Auburn University,580,650,570,670,580,650,570,660,570,650,560,660,530,620,530,640,530,630,540,520,620,650,520,630,530,520,610,645,520,620,540,510,620,650,530,630,550,520,610,650,500,600,520,490,590,620,540,650,560,530,640,660,
219602,Austin Peay State University,490,570,470,600,488,603,470,575,513,605,473,598,470,561,463,563,490,620,510,,,580,375,540,390,,,605,430,540,430,,,560,420,580,440,,,560,420,550,420,,,530,443,550,450,,,538,
109785,Azusa Pacific University,520,630,510,630,520,620,500,620,480,610,510,610,450,560,450,570,480,590,470,,,590,490,540,490,480,530,540,490,600,490,,,610,490,600,490,,,610,500,600,490,,,600,490,590,480,470,580,600,
150136,Ball State University,,,,,,,,,550,630,530,610,500,590,490,580,510,600,500,490,580,590,500,600,500,480,580,590,490,590,490,480,570,570,480,580,480,470,570,580,480,580,480,460,560,580,480,580,490,470,560,580,
223232,Baylor University,600,680,600,700,600,680,590,690,600,680,590,680,550,650,570,660,560,650,580,530,640,670,560,660,570,530,640,670,550,660,570,530,640,670,550,660,570,530,650,670,560,660,570,530,640,680,540,650,570,530,640,670,
196079,Binghamton University,630,700,650,740,650,710,660,730,640,711,650,720,600,690,630,710,600,680,630,580,670,703,590,670,620,580,670,700,590,675,630,580,670,710,600,680,620,580,670,710,580,670,620,570,660,700,580,670,620,,,710,
142115,Boise State University,520,620,510,610,520,620,510,600,470,580,470,580,460,580,455,570,460,570,460,440,550,570,450,570,460,440,550,570,460,570,460,,,580,470,580,480,450,560,600,460,570,480,450,550,580,460,570,470,450,540,580,
164924,Boston College,660,730,680,770,650,720,670,770,660,760,660,730,620,720,640,740,620,720,640,640,730,750,630,720,640,640,730,740,620,710,650,640,730,740,620,710,640,640,730,740,620,710,640,630,730,730,610,700,640,630,720,730,
164988,Boston University,650,720,690,790,650,720,680,780,640,720,660,760,590,680,630,740,580,680,620,600,690,730,570,680,620,600,690,730,570,670,610,600,690,720,570,670,610,600,680,700,580,670,600,590,680,700,570,660,600,590,680,690,
201441,Bowling Green State University-Main Campus,440,550,440,550,440,550,440,550,500,630,490,600,450,570,450,580,450,570,450,,,580,450,570,450,,,580,440,560,440,450,580,570,440,560,440,450,580,570,440,570,440,420,530,560,450,560,450,420,540,570,
165024,Bridgewater State University,490,580,480,570,500,580,490,570,490,590,490,570,440,550,450,540,440,550,450,,,550,440,540,450,,,550,440,540,450,,,550,450,550,460,,,560,460,550,470,,,558,460,550,470,,,560,
142522,Brigham Young University-Idaho,500,610,490,590,510,620,500,590,500,600,490,580,450,560,450,550,460,560,450,,,560,460,570,450,,,560,450,560,440,,,560,460,570,460,,,560,470,570,460,,,570,490,610,500,,,620,
230038,Brigham Young University-Provo,610,710,600,710,600,710,590,710,610,710,600,700,580,690,580,690,570,680,580,550,660,680,570,690,580,,,680,570,680,580,,,680,580,690,590,,,690,570,680,580,540,650,680,570,680,580,,,690,
217156,Brown University,700,770,740,800,700,760,720,790,705,780,700,790,680,780,690,790,680,780,690,690,780,780,660,770,670,670,780,780,660,760,670,670,770,780,660,760,660,670,780,770,630,740,650,640,750,760,660,760,670,670,770,770,
110361,California Baptist University,500,610,490,600,510,610,480,590,500,600,480,590,430,550,420,550,420,540,410,410,530,540,420,550,420,420,530,550,430,550,420,420,540,560,420,540,420,420,530,550,420,550,420,420,540,550,400,550,450,370,570,550,
110422,California Polytechnic State University-San Luis Obispo,620,700,620,740,620,700,620,730,600,680,600,700,560,660,590,700,550,650,580,,,690,550,640,580,,,680,550,650,590,,,690,550,640,580,,,690,540,640,580,,,680,540,630,570,,,670,
110529,California State Polytechnic University-Pomona,500,620,510,650,510,620,510,640,500,610,510,620,440,560,460,600,450,580,470,,,620,450,580,480,,,630,460,570,490,,,620,450,560,480,,,620,460,580,490,,,630,450,560,480,,,620,
110486,California State University-Bakersfield,,,,,,,,,,,,,,,,,,,,,,,,,,,,,390,500,400,,,520,390,500,400,,,520,400,510,410,,,530,390,500,390,,,520,
110538,California State University-Chico,500,600,490,590,500,600,500,590,500,590,490,580,440,550,440,550,440,550,450,,,560,440,550,440,,,550,450,550,460,,,570,450,560,460,,,570,460,560,470,,,580,450,550,460,,,570,
110547,California State University-Dominguez Hills,,,,,,,,,,,,,,,,,,,,,,,,,,,,,380,470,380,,,470,370,460,370,,,470,370,470,380,,,470,370,460,360,,,470,
110574,California State University-East Bay,,,,,,,,,,,,,,,,,,,,,,,,,,,,,400,500,400,,,520,400,500,400,,,510,400,500,410,,,530,400,510,400,,,520,
110556,California State University-Fresno,470,570,470,560,460,570,460,550,460,560,450,550,400,500,400,510,390,500,400,,,510,390,510,400,,,520,400,510,410,,,530,400,510,410,,,530,400,520,420,,,540,410,520,420,,,540,
110565,California State University-Fullerton,510,600,520,600,520,610,520,610,510,590,510,590,450,550,470,570,460,560,470,,,570,450,550,470,,,580,450,550,470,,,580,450,550,460,,,570,440,540,450,,,570,440,540,450,,,570,
110583,California State University-Long Beach,520,620,520,630,520,620,520,630,510,610,510,620,460,570,470,590,460,570,470,,,600,460,570,480,,,600,440,550,460,,,590,440,560,460,,,590,440,560,460,,,590,440,560,460,,,590,
110592,California State University-Los Angeles,450,540,440,540,450,540,440,540,450,540,440,540,390,480,390,500,390,490,390,,,500,390,480,390,,,500,380,480,390,,,510,380,480,390,,,510,380,490,390,,,510,380,480,380,,,490,
110608,California State University-Northridge,460,570,450,560,470,570,460,560,460,570,450,550,400,510,400,520,400,500,390,,,510,400,510,400,,,520,400,510,400,,,530,400,510,410,,,530,400,520,410,,,530,410,520,400,,,540,
110617,California State University-Sacramento,470,570,470,570,470,570,470,560,470,570,470,570,410,520,420,530,415,520,420,,,540,410,520,420,,,530,410,520,430,,,540,410,520,420,,,540,410,530,430,,,540,410,530,430,,,550,
110510,California State University-San Bernardino,460,550,450,540,460,540,450,540,460,550,450,540,390,490,390,490,400,490,400,,,500,390,490,400,,,500,390,490,400,,,510,400,500,410,,,510,400,500,410,,,510,400,500,400,,,500,
366711,California State University-San Marcos,480,570,470,570,480,580,480,560,480,570,470,560,430,520,430,540,420,520,430,,,530,430,520,430,,,530,430,530,430,,,540,420,530,440,,,540,430,530,440,,,550,430,530,430,,,540,
110495,California State University-Stanislaus,,,,,,,,,,,,,,,,,,,,,,,,,,,,,400,510,410,,,520,400,510,410,,,530,400,510,410,,,530,410,520,420,,,540,
156365,Campbellsville University,,,,,450,560,490,593,460,553,470,540,410,520,473,568,395,515,420,370,470,550,390,520,388,378,500,520,420,505,400,400,520,525,420,590,430,410,540,580,410,550,420,390,500,580,400,530,420,360,470,510,
211440,Carnegie Mellon University,700,760,760,800,700,750,750,800,700,760,730,800,660,750,720,800,650,740,710,670,760,800,640,740,700,660,760,800,640,740,700,650,750,790,630,730,690,650,740,790,630,730,680,640,740,780,620,720,680,630,730,780,
201645,Case Western Reserve University,640,720,700,790,650,730,700,790,650,740,690,780,600,720,680,770,620,720,680,620,720,770,610,710,660,610,710,760,600,720,670,620,710,760,600,720,660,600,700,760,590,700,650,590,690,740,600,700,650,590,700,750,
128771,Central Connecticut State University,490,590,480,570,500,590,480,580,500,590,480,570,450,550,450,550,460,550,460,460,550,550,460,550,460,450,540,560,450,540,460,450,550,560,450,550,460,450,550,560,460,540,460,460,550,550,460,540,470,460,550,570,
169248,Central Michigan University,500,610,490,590,510,610,490,590,510,610,500,590,450,570,440,570,470,560,430,455,560,580,450,588,470,,,593,450,550,418,,,563,438,580,470,,,580,450,568,450,,,605,450,578,460,,,610,
234827,Central Washington University,470,580,480,590,480,570,480,590,430,530,480,570,480,580,480,570,420,550,430,410,500,550,430,540,440,410,510,540,430,550,450,420,520,550,440,550,450,420,530,560,440,560,450,430,530,560,440,550,450,430,530,550,
217882,Clemson University,620,690,610,710,610,690,610,710,620,690,600,700,560,660,590,680,560,660,590,,,690,560,660,590,540,650,680,560,660,590,490,610,680,550,650,590,490,590,680,550,650,590,540,640,680,550,640,580,490,590,670,
202134,Cleveland State University,490,600,490,610,480,610,480,590,500,600,490,610,450,580,440,580,440,570,450,430,540,580,440,590,460,440,550,580,450,570,460,,,580,440,570,450,,,580,440,580,450,,,570,420,550,420,,,550,
218724,Coastal Carolina University,510,590,500,580,520,590,510,580,510,590,510,580,460,540,470,550,450,530,460,,,550,450,540,460,,,550,450,530,460,,,550,450,540,460,,,560,450,530,460,,,560,460,550,470,,,570,
217819,College of Charleston,550,640,530,620,550,640,520,610,550,630,520,600,500,600,500,590,520,610,510,,,600,520,620,510,,,610,530,630,540,,,630,540,650,540,,,630,560,640,560,,,640,560,650,560,,,640,
190558,College of Staten Island CUNY,,,,,,,,,,,,,,,,,,,,,,,440,530,470,,,570,440,530,470,,,560,440,540,470,,,560,440,540,470,,,560,440,540,460,,,560,
126818,Colorado State University-Fort Collins,540,650,530,640,540,640,530,640,560,650,540,650,510,620,510,630,520,620,520,,,630,510,620,520,,,630,510,620,510,,,630,500,620,520,,,640,510,620,520,,,630,510,620,510,,,630,
476975,Colorado State University-Global Campus,460,600,490,540,,,,,,,,,,,,,,,,,,,,,,,,,,,,,,,,,,,,,,,,,,,,,,,,,
177065,Columbia College,,,,,,,,,,,,,,,,,,,,,,,,,,,,,,,,,,,,,,,,,,,,,,,,,,,,,
190150,Columbia University in the City of New York,700,770,740,800,710,760,740,800,710,780,730,800,700,790,710,800,690,780,690,690,790,790,690,780,700,700,780,790,690,780,700,690,780,790,700,780,700,700,790,790,690,780,700,690,780,790,680,770,690,680,770,780,
190415,Cornell University,680,760,720,800,680,750,710,790,690,760,700,790,650,750,680,780,650,750,680,,,780,650,740,680,,,770,640,740,680,650,750,780,640,740,670,,,780,630,730,670,,,770,630,730,670,,,770,
190512,CUNY Bernard M Baruch College,570,650,600,700,590,670,630,720,580,660,610,690,550,640,600,690,540,630,600,,,690,540,640,600,,,690,530,630,600,,,690,520,620,590,,,690,520,620,590,,,690,510,600,580,,,670,
190549,CUNY Brooklyn College,510,600,530,620,520,610,540,630,520,600,530,610,490,580,520,620,490,580,530,,,630,480,570,510,,,610,480,580,520,,,620,490,600,520,,,620,490,580,520,,,610,470,580,520,,,610,
190567,CUNY City College,520,610,520,640,510,620,530,650,510,610,530,630,470,600,530,640,470,600,530,,,650,470,600,530,,,660,460,590,530,,,640,440,570,510,,,620,440,570,500,,,620,440,550,470,,,600,
190594,CUNY Hunter College,580,660,590,690,570,650,580,680,550,630,570,660,520,620,540,640,520,620,550,,,640,520,610,540,,,650,520,620,540,,,640,500,600,540,,,640,520,620,530,,,630,510,600,520,,,620,
190600,CUNY John Jay College of Criminal Justice,490,570,490,560,490,570,490,570,490,570,490,560,440,530,450,540,430,520,460,,,540,430,520,450,,,540,420,510,440,,,530,420,510,440,,,530,420,510,430,,,520,420,500,430,,,520,
190637,CUNY Lehman College,510,570,500,560,490,560,490,550,490,560,480,540,450,540,460,540,460,550,480,,,560,460,530,470,,,530,460,530,480,,,570,450,540,460,,,540,460,540,470,,,550,440,520,460,,,530,
190664,CUNY Queens College,510,590,530,610,520,600,540,620,520,600,540,620,480,570,520,610,490,580,530,,,620,480,560,530,,,610,480,570,540,,,610,490,580,530,,,620,490,580,530,,,610,470,570,510,,,600,
144740,DePaul University,,,,,,,,,,,,,,,,,,,,,,,,,,,,,530,630,520,,,630,520,640,500,,,627,530,640,520,,,620,520,640,520,,,620,
212054,Drexel University,590,680,600,710,580,670,590,710,580,670,580,690,520,630,560,670,530,630,565,,,680,530,630,570,520,630,670,510,630,560,520,630,680,540,640,580,530,640,680,530,630,570,520,630,680,540,640,570,520,630,670,
198419,Duke University,720,770,760,800,710,770,740,800,670,750,710,790,680,770,700,800,670,760,690,690,780,790,670,760,700,690,780,790,670,760,690,680,780,790,660,750,690,670,770,780,660,750,690,670,770,780,660,750,680,660,760,780,
198464,East Carolina University,520,600,520,590,520,600,520,590,520,590,510,590,480,560,490,570,480,560,500,450,540,570,470,550,490,450,530,570,480,550,500,450,540,570,480,560,500,460,540,570,460,550,490,450,540,570,470,550,490,450,540,570,
220075,East Tennessee State University,490,610,480,570,480,600,490,580,490,600,470,590,470,540,450,590,420,540,420,,,590,410,600,440,,,620,440,550,450,,,550,410,550,440,,,560,430,550,430,,,540,430,560,440,430,540,560,
156620,Eastern Kentucky University,490,590,500,580,510,600,510,590,480,560,480,570,460,580,470,560,430,550,430,420,545,550,420,560,420,400,520,560,440,560,450,430,530,550,430,555,430,410,520,550,430,540,430,420,530,550,440,560,450,420,530,560,
169798,Eastern Michigan University,490,600,480,590,450,590,440,580,460,520,500,560,460,560,450,580,430,580,443,430,550,580,420,560,450,,,560,440,570,460,430,540,570,440,560,450,430,560,580,430,580,450,418,560,580,440,580,450,430,560,580,
235097,Eastern Washington University,460,570,460,560,440,550,430,530,440,530,430,560,420,540,430,540,420,540,430,410,520,550,420,530,430,400,510,540,420,540,430,410,520,550,420,530,440,410,520,540,420,540,430,410,520,540,420,530,430,410,520,540,
426314,Embry-Riddle Aeronautical University-Worldwide,,,,,,,,,,,,,,,,,,,,,,,,,,,,,,,,,,,,,,,,,,,,,,,,,,,,,
139658,Emory University,670,740,690,790,660,730,690,790,670,740,680,780,630,730,660,770,620,720,650,640,730,770,630,710,650,650,730,750,620,710,650,640,730,750,620,710,660,640,730,760,610,700,660,630,730,760,640,730,660,650,740,750,
196680,Excelsior College,,,,,,,,,,,,,,,,,,,,,,,,,,,,,,,,,,,,,,,,,,,,,,,,,,,,,
169910,Ferris State University,470,590,460,580,470,590,470,580,480,590,460,580,440,590,470,590,410,540,470,410,500,580,,,,,,,,,,,,,,,,,,,,,,,,,,,,,,,
133650,Florida Agricultural and Mechanical University,530,590,500,570,530,590,510,580,500,580,500,560,460,550,440,530,420,540,420,400,510,530,430,523,420,418,510,510,430,520,420,410,490,510,430,520,430,420,500,520,430,510,430,420,500,520,420,510,410,410,500,510,
133669,Florida Atlantic University,550,630,530,610,550,630,530,610,540,620,520,600,480,570,470,570,480,570,470,470,550,570,480,570,480,470,560,570,480,560,480,470,560,570,480,570,490,480,560,580,490,570,490,480,560,580,490,570,500,480,560,580,
433660,Florida Gulf Coast University,540,620,520,590,540,620,520,590,540,610,520,600,500,580,490,570,490,570,480,480,560,570,490,570,480,490,560,560,470,550,470,460,540,550,470,550,470,450,540,560,470,550,470,450,540,550,460,550,470,450,540,570,
133951,Florida International University,570,650,540,630,560,640,530,620,550,630,530,610,520,610,510,600,500,590,490,490,570,580,500,590,490,490,580,580,500,590,500,490,580,590,530,610,530,520,600,610,490,580,490,490,570,580,500,580,490,490,570,580,
134097,Florida State University,610,670,590,670,610,680,590,670,600,670,590,660,560,640,550,640,560,640,560,560,640,640,570,640,560,560,640,640,560,640,550,560,640,640,560,640,560,,,640,550,650,560,,,640,550,640,560,,,650,
191241,Fordham University,620,710,620,740,620,700,630,730,620,700,610,710,580,680,590,690,580,670,590,590,680,680,570,670,580,580,680,680,570,670,590,580,680,680,570,670,590,580,680,680,570,670,580,570,680,670,580,670,580,570,680,670,
155061,Fort Hays State University,,,,,,,,,,,,,,,,,,,,,,,,,,,,,,,,,,,,,,,,,,,,,,,,,,,,,
232186,George Mason University,560,660,550,660,570,660,550,660,560,650,540,640,530,620,530,630,520,620,520,,,630,520,620,530,,,630,520,620,530,,,630,520,620,530,,,630,520,620,530,,,630,520,620,530,,,620,
131469,George Washington University,630,720,650,750,640,720,640,740,640,720,640,720,580,690,600,700,590,690,600,600,690,700,590,690,610,610,700,700,600,690,600,610,700,700,600,690,610,620,710,690,600,690,610,620,700,700,600,690,600,610,700,690,
131496,Georgetown University,690,760,690,790,680,750,690,780,680,760,670,760,660,760,660,760,660,750,660,,,750,660,760,660,,,760,650,750,660,,,750,640,740,650,,,750,640,750,650,,,750,650,750,650,,,750,
447689,Georgia Gwinnett College,460,560,450,540,,,,,,,,,,,,,,,,,,,,,,,,,,,,,,,,,,,,,,,,,,,,,,,,,
139755,Georgia Institute of Technology-Main Campus,630,730,670,780,680,750,710,790,370,730,720,790,640,730,680,770,630,730,680,640,730,770,630,720,680,630,730,770,600,700,660,610,700,760,600,690,660,600,700,760,590,690,650,590,690,740,580,680,650,580,670,750,
139931,Georgia Southern University,540,610,510,590,540,610,520,590,560,630,540,600,520,590,510,600,520,590,510,480,570,590,520,590,510,480,570,590,520,590,510,490,570,600,510,590,520,480,560,590,510,580,510,480,560,600,510,580,510,480,570,590,
139940,Georgia State University,540,630,520,620,540,630,520,620,530,620,510,600,490,590,470,590,480,580,470,470,570,590,480,590,480,,,590,480,580,480,,,590,500,590,500,,,600,500,590,500,,,600,490,590,500,,,600,
170082,Grand Valley State University,530,630,520,620,530,630,520,610,530,620,520,610,460,585,480,580,450,580,510,,,630,450,590,490,460,590,615,470,590,490,465,585,620,480,615,510,460,590,620,470,600,510,530,580,620,460,605,500,450,590,630,
166027,Harvard University,710,770,750,800,720,780,740,800,730,790,730,800,710,800,720,800,700,800,700,710,790,800,700,800,710,720,800,800,700,800,710,710,800,800,700,800,710,710,800,790,690,790,700,690,790,800,690,800,700,710,800,790,
191649,Hofstra University,580,660,580,680,580,660,570,670,570,660,560,650,530,630,540,630,,,,,,,520,610,530,,,620,530,630,540,,,630,530,620,550,,,630,530,620,540,,,630,540,630,560,,,640,
142276,Idaho State University,,,,,,,,,,,,,,,,,,,,,,,,,,,,,,,,,,,,,,,,,,,,,,,,,,,,,
145813,Illinois State University,510,610,510,610,510,600,500,590,,,,,,,,,,,,,,,,,,,,,,,,,,,,,,,,,,,,,,,,,,,,,
151324,Indiana State University,,,,,460,570,450,550,460,560,440,550,400,510,390,510,400,510,400,390,490,510,410,510,400,390,480,510,400,510,400,390,490,510,400,510,410,390,490,520,400,510,410,390,490,520,410,510,410,390,490,520,
213020,Indiana University of Pennsylvania-Main Campus,460,570,450,550,460,570,450,550,460,570,450,550,420,530,420,520,430,530,430,410,520,530,430,530,430,400,510,530,440,530,450,430,520,540,450,540,450,430,520,540,440,530,450,420,520,540,450,530,450,440,530,540,
151351,Indiana University-Bloomington,580,670,570,690,580,670,570,690,570,670,570,680,520,630,540,660,520,630,540,510,620,660,520,630,540,510,620,660,520,630,540,510,620,660,510,620,540,510,610,660,510,630,540,510,620,650,520,630,540,510,620,650,
151111,Indiana University-Purdue University-Indianapolis,500,600,500,600,500,610,500,590,500,600,495,590,440,560,450,570,440,560,450,430,540,560,440,550,440,430,530,570,440,550,450,430,540,570,440,550,450,420,530,570,430,550,450,420,530,560,440,550,450,420,530,570,
488679,Indiana Wesleyan University-National & Global,,,,,,,,,,,,,,,,,,,,,,,,,,,,,,,,,,,,,,,,,,,,,,,,,,,,,
153603,Iowa State University,540,650,560,690,548,682,544,652,600,700,560,710,460,610,520,660,460,620,500,,,640,460,630,530,,,680,460,620,530,,,680,480,630,520,,,660,460,640,530,,,670,490,640,540,,,690,
232423,James Madison University,570,650,550,640,570,650,550,640,560,640,540,620,510,610,520,610,520,610,520,,,610,520,610,530,,,620,520,620,530,,,630,520,620,530,520,610,620,540,640,550,540,640,650,520,610,530,,,630,
162928,Johns Hopkins University,710,760,750,800,710,760,740,800,720,770,730,800,690,770,710,800,670,750,690,670,770,780,670,740,690,670,760,770,650,740,670,660,750,770,640,740,660,650,750,770,630,730,670,650,750,770,630,730,660,640,740,770,
155399,Kansas State University,,,,,,,,,,,,,,,,,,,,,,,,,,,,,,,,,,,,,,,,,,,,,,,,,,,,,
185262,Kean University,460,550,460,550,450,540,440,540,440,540,440,530,410,500,420,510,410,500,430,,,520,400,490,420,,,510,400,490,410,,,510,410,500,430,,,520,410,500,430,,,520,410,500,420,,,510,
486840,Kennesaw State University,530,620,520,610,550,640,530,630,550,630,530,610,500,590,500,590,510,590,500,470,570,590,,,,,,,,,,,,,,,,,,,,,,,,,,,,,,,
203517,Kent State University at Kent,530,620,510,610,520,620,510,590,530,620,510,600,470,580,480,580,480,580,470,460,560,580,470,580,470,460,560,580,470,570,470,450,560,570,440,570,450,430,560,580,460,570,460,450,550,580,460,560,460,440,560,580,
226091,Lamar University,490,580,470,560,480,570,470,550,480,580,470,560,430,520,430,530,425,530,440,,,540,420,530,440,,,530,430,530,440,,,550,400,500,410,380,480,520,430,530,410,410,520,530,410,520,430,400,500,530,
232557,Liberty University,530,640,510,620,490,600,480,600,530,640,510,600,480,600,470,590,470,600,460,450,580,590,460,590,450,440,570,570,460,570,440,,,570,,,,,,,,,,,,,,,,,,,
192448,Long Island University,540,640,540,650,540,630,520,630,530,620,525,620,480,570,490,590,450,550,460,440,550,560,420,520,420,410,510,530,440,520,440,420,530,540,440,540,450,440,540,560,440,530,440,430,540,550,440,540,440,440,545,560,
159391,Louisiana State University and Agricultural & Mechanical College,550,650,530,660,540,640,530,650,530,640,530,650,500,620,510,630,510,620,510,,,640,500,600,510,,,630,500,620,520,,,630,500,610,530,,,630,510,630,530,,,650,510,630,540,,,650,
159647,Louisiana Tech University,520,610,545,650,420,470,450,500,440,540,430,560,490,580,490,620,480,600,490,,,630,470,570,500,,,600,450,590,490,,,600,450,570,500,,,650,440,570,480,,,610,430,570,470,,,590,
146719,Loyola University Chicago,570,660,560,660,570,660,550,650,570,660,550,650,520,630,510,630,520,630,518,520,630,630,520,630,530,520,620,630,520,630,530,520,630,630,550,650,540,540,630,650,540,660,540,530,640,650,540,650,540,540,650,640,
239105,Marquette University,560,650,560,670,580,660,570,660,570,660,560,650,520,630,520,640,530,640,540,510,640,660,540,640,560,520,620,650,520,630,550,520,630,650,520,630,550,530,630,650,520,630,530,520,630,650,540,640,545,530,630,660,
237525,Marshall University,480,590,460,560,470,580,440,550,490,608,470,560,450,575,430,560,440,490,430,,,480,430,550,440,,,550,450,550,430,430,540,540,450,550,440,430,550,560,450,560,440,,,560,450,560,440,440,550,560,
166683,Massachusetts Institute of Technology,730,770,780,800,720,770,780,800,720,770,770,800,700,790,760,800,680,780,750,690,780,800,680,770,740,690,780,800,680,770,750,690,780,800,670,770,740,680,780,800,670,770,740,680,770,800,670,760,740,670,770,800,
127565,Metropolitan State University of Denver,450,560,440,550,460,560,440,550,460,570,440,560,450,550,430,550,440,560,440,,,550,470,590,450,,,570,460,590,470,,,610,450,560,440,,,540,460,570,450,,,570,450,570,430,,,590,
204024,Miami University-Oxford,590,680,600,710,590,670,610,710,580,670,610,710,540,660,590,690,550,650,590,,,690,550,650,570,,,680,540,650,580,,,680,530,630,550,,,660,530,620,560,,,660,520,630,550,,,650,
171100,Michigan State University,550,650,550,670,560,650,550,660,550,650,550,670,450,590,540,670,450,580,530,460,580,680,430,580,540,460,570,690,420,580,550,460,580,690,430,580,540,460,580,680,440,600,540,450,600,670,450,610,530,460,600,670,
220978,Middle Tennessee State University,510,640,500,620,520,630,500,610,520,620,470,590,480,590,470,570,480,630,450,,,610,480,600,470,,,590,450,580,450,,,570,460,510,460,,,570,400,510,360,,,570,460,600,500,,,590,
173920,Minnesota State University-Mankato,,,,,,,,,,,,,408,513,478,593,,,,,,,,,,,,,,,,,,,,,,,,,,,,,,,,,,,,,
176080,Mississippi State University,540,630,530,650,540,660,530,670,,,,,,,,,480,620,480,,,640,490,630,500,,,640,480,620,490,,,630,470,610,490,,,620,480,605,490,,,630,470,610,490,,,630,
179566,Missouri State University-Springfield,520,620,520,620,500,630,518,590,510,625,510,620,465,615,490,613,478,613,468,,,613,480,610,470,,,600,470,600,480,,,620,480,590,490,,,615,490,630,510,,,650,490,630,510,,,650,
185572,Monmouth University,530,620,520,620,520,660,520,590,490,600,480,590,460,550,470,570,480,570,470,440,560,550,470,560,490,480,580,580,480,560,490,480,570,590,470,560,490,490,580,580,480,560,500,500,580,580,490,570,500,490,580,590,
180461,Montana State University,550,650,540,660,550,660,540,660,550,650,540,650,500,620,510,630,510,630,510,490,610,640,510,630,500,480,610,630,500,630,510,490,600,630,500,630,500,470,600,640,490,620,500,480,600,620,500,620,500,,,640,
185590,Montclair State University,500,600,490,580,500,590,490,580,500,580,490,570,,,,,,,,,,,430,530,450,440,540,540,430,520,450,430,530,540,440,530,460,450,540,540,440,530,460,450,540,550,450,540,470,450,550,560,
157386,Morehead State University,480,603,468,620,,,,,410,485,445,550,430,520,410,540,430,550,420,388,520,550,450,535,450,410,530,560,420,545,455,420,540,570,430,550,460,,,570,470,550,470,,,590,440,560,460,,,570,
157401,Murray State University,530,630,505,620,518,613,510,600,470,560,510,630,480,595,463,560,480,590,470,,,570,430,550,460,,,560,430,520,440,,,540,395,548,440,,,573,448,570,440,450,580,550,468,573,468,,,563,
119605,National University,370,600,380,570,,,,,,,,,,,,,,,,,,,,,,,,,,,,,,,,,,,,,,,,,,,,,,,,,
185828,New Jersey Institute of Technology,580,670,610,720,580,670,610,710,580,670,610,700,520,630,590,680,520,630,590,510,630,680,490,610,560,480,610,670,480,590,550,470,590,660,470,600,550,470,590,660,470,580,540,,,650,470,590,540,460,570,650,
188030,New Mexico State University-Main Campus,480,580,470,570,470,590,470,570,450,580,460,580,400,530,420,540,410,530,430,400,520,540,400,535,430,400,530,550,410,540,420,400,520,540,420,560,430,420,540,560,410,530,430,390,520,540,410,540,420,400,520,540,
193900,New York University,660,740,690,790,650,720,660,790,650,730,640,760,620,720,630,760,620,720,630,630,730,750,610,710,630,620,720,740,620,720,630,640,730,740,620,710,630,640,730,740,630,720,630,640,730,740,610,710,630,620,720,740,
199102,North Carolina A & T State University,490,580,480,570,480,560,470,550,470,550,460,540,420,500,430,510,410,490,420,390,470,500,410,490,420,390,470,500,400,480,420,390,470,500,390,480,410,370,460,500,390,480,410,350,440,500,400,480,410,370,470,500,
199193,North Carolina State University at Raleigh,620,690,630,730,620,680,630,710,610,680,620,710,570,660,600,690,570,650,590,540,630,680,560,650,600,540,630,680,550,640,590,520,620,670,530,620,560,510,610,660,530,620,560,510,610,660,520,620,560,510,610,660,
200332,North Dakota State University-Main Campus,530,630,510,635,543,630,540,645,520,658,540,670,495,645,505,645,480,630,500,460,520,630,475,645,500,440,610,665,490,625,490,450,580,650,480,610,490,,,620,500,630,490,,,630,450,610,480,,,620,
167358,Northeastern University,680,750,710,790,670,750,690,790,680,750,690,770,650,740,680,770,660,740,680,640,730,770,660,740,680,640,730,760,640,730,660,640,720,750,630,720,650,610,710,740,610,700,640,600,700,730,600,680,630,590,680,710,
482705,Northeastern University Lifelong Learning Network,,,,,,,,,,,,,,,,,,,,,,,,,,,,,,,,,,,,,,,,,,,,,,,,,,,,,
105330,Northern Arizona University,,,,,,,,,,,,,,,,,,,,,,,,,,,,,470,580,470,450,560,580,470,580,470,460,560,590,470,590,480,460,570,590,470,580,480,460,560,590,
147703,Northern Illinois University,470,590,470,580,490,600,480,590,,,,,440,550,460,570,450,530,450,410,520,550,450,550,480,430,550,580,450,550,450,430,530,580,440,570,440,440,540,580,445,550,470,430,530,580,450,555,450,,,570,
157447,Northern Kentucky University,510,600,510,640,510,610,480,620,493,620,500,590,440,590,440,570,460,595,460,440,560,580,450,560,450,420,540,560,440,560,430,,,550,440,550,440,,,550,430,550,435,,,555,430,553,440,,,550,
160038,Northwestern State University of Louisiana,500,610,510,600,460,600,460,560,450,550,450,560,430,540,450,560,420,550,450,,,550,440,540,440,,,560,430,518,443,,,550,430,558,440,,,538,435,570,470,,,560,440,560,440,,,560,
147767,Northwestern University,700,760,740,790,700,760,730,790,700,770,720,790,690,760,710,800,690,760,710,680,770,800,690,770,700,690,770,790,690,760,700,690,770,790,680,760,700,680,770,780,680,750,700,680,770,780,670,750,690,670,760,780,
136215,Nova Southeastern University,550,640,520,640,550,650,530,640,550,640,530,640,500,610,500,610,490,605,490,,,620,510,610,500,,,630,470,590,480,,,600,470,580,470,,,590,460,570,470,,,590,460,570,470,,,580,
171571,Oakland University,510,620,510,610,510,620,500,620,510,620,500,610,335,500,470,610,440,560,490,,,590,,,,,,,,,,,,,,,,,,,,,,,,,,,,,,,
204796,Ohio State University-Main Campus,600,690,650,770,590,690,650,760,610,700,650,750,540,670,620,740,560,670,610,560,660,720,540,660,620,560,660,730,540,660,610,550,660,720,540,650,610,550,650,710,540,660,600,550,650,700,540,650,590,540,640,700,
204857,Ohio University-Main Campus,530,640,520,620,540,640,530,630,550,640,530,620,490,600,500,600,490,600,500,470,590,610,490,600,490,470,580,600,480,600,490,470,580,600,480,590,490,470,580,610,480,600,480,470,570,590,490,610,490,480,590,610,
207388,Oklahoma State University-Main Campus,540,640,520,640,540,640,520,640,540,630,530,630,480,590,490,610,470,590,500,,,620,480,600,510,,,620,480,590,510,,,620,490,590,510,,,620,490,600,510,,,620,490,600,520,,,630,
232982,Old Dominion University,500,600,480,580,500,610,490,590,500,610,480,590,450,560,440,570,460,570,460,,,570,460,560,460,,,560,460,560,470,,,570,460,560,460,,,560,460,560,460,,,560,480,560,490,,,580,
209542,Oregon State University,550,660,530,660,540,650,540,660,540,650,530,650,490,620,500,620,480,610,490,470,590,630,480,610,500,460,590,620,480,600,490,,,630,470,600,490,,,620,470,600,490,,,620,470,590,490,440,560,620,
194310,Pace University,530,620,520,610,540,620,520,600,530,620,510,600,470,580,470,580,470,580,470,,,580,470,570,480,,,580,470,570,470,,,570,470,570,480,,,580,460,570,460,,,570,490,590,500,,,600,
178721,Park University,,,,,,,,,,,,,,,,,,,,,,,,,,,,,,,,,,,,,,,,,,,,,,,,,,,,,
214777,Pennsylvania State University-Main Campus,540,640,530,670,580,660,580,700,580,660,580,680,530,630,560,670,530,630,560,540,640,670,530,620,560,540,640,670,530,630,560,540,640,670,530,630,560,540,640,670,530,630,560,530,640,670,530,630,560,540,640,670,
479956,Pennsylvania State University-World Campus,,,,,510,630,480,630,490,620,490,590,480,580,445,565,470,570,440,450,560,560,440,580,430,430,550,580,420,600,410,430,560,490,450,540,440,440,550,520,,,,,,,,,,,,,
209807,Portland State University,500,630,500,590,510,630,500,600,500,620,490,600,470,590,460,570,470,590,460,440,560,570,450,590,450,,,570,460,590,460,,,580,460,590,460,,,580,460,590,460,,,580,470,590,460,,,580,
151102,Purdue University Fort Wayne,490,600,480,590,490,590,480,590,490,590,480,580,430,540,430,540,430,540,440,410,520,550,440,550,440,420,520,550,440,540,450,430,520,550,440,550,450,430,520,560,420,530,430,410,520,550,430,530,430,410,510,550,
260901,Purdue University Global-Davenport,,,,,,,,,,,,,,,,,,,,,,,,,,,,,,,,,,,,,,,,,,,,,,,,,,,,,
490805,Purdue University Northwest,490,580,490,580,470,520,460,520,490,590,480,580,,,,,,,,,,,,,,,,,,,,,,,,,,,,,,,,,,,,,,,,,
243780,Purdue University-Main Campus,590,690,600,750,590,680,590,730,570,670,580,710,520,630,550,690,520,630,560,510,630,700,520,630,560,520,630,700,520,630,560,520,630,690,510,620,550,510,620,680,490,610,550,500,610,690,500,610,540,490,610,680,
130226,Quinnipiac University,,,,,550,630,540,630,550,630,530,630,490,590,490,600,490,580,500,490,590,600,490,580,500,495,590,610,490,580,510,500,590,610,490,580,500,500,590,600,480,580,510,510,590,610,490,580,500,510,600,610,
195003,Rochester Institute of Technology,600,690,620,720,590,680,610,720,590,680,600,700,550,650,590,680,540,660,580,520,630,680,540,640,570,520,630,680,540,640,570,520,630,680,540,650,570,520,630,680,530,650,570,520,630,680,530,640,560,520,620,670,
136950,Rollins College,,,,,,,,,,,,,,,,,,,,,,,,,,,,,550,640,550,540,650,650,550,640,540,540,640,640,550,640,545,,,640,560,650,560,550,650,650,
184782,Rowan University,520,630,520,640,520,620,488,603,540,630,510,630,500,600,520,630,460,580,480,460,570,610,460,580,488,460,570,620,490,600,510,480,580,640,480,590,510,480,580,630,510,600,520,500,590,570,480,580,500,470,570,610,
186380,Rutgers University-New Brunswick,590,680,620,750,590,680,600,730,590,680,600,720,530,650,580,700,530,640,580,540,660,700,520,640,570,540,660,700,520,640,570,540,650,690,520,630,560,540,650,680,520,630,560,530,640,680,520,630,560,530,640,670,
186399,Rutgers University-Newark,500,590,520,610,510,590,510,600,500,580,510,590,440,530,470,570,450,550,480,460,550,580,450,540,490,460,550,590,460,550,500,480,560,608,460,550,490,470,560,590,460,560,500,480,570,610,460,560,500,480,570,610,
174783,Saint Cloud State University,477,582,457,612,470,605,490,630,465,600,493,588,440,530,490,640,445,560,450,,,585,,,,,,,435,548,440,,,590,463,570,468,,,590,438,563,488,,,640,440,540,450,,,540,
137032,Saint Leo University,,,,,470,560,490,590,430,520,480,600,450,550,450,540,,,,,,,,,,,,,,,,,,,,,,,,,430,520,430,,,520,450,540,450,,,550,
179159,Saint Louis University,590,680,580,700,590,680,590,690,590,690,580,700,540,660,570,670,530,660,560,,,680,530,650,560,,,670,530,640,550,,,680,530,660,550,,,670,530,660,548,,,670,540,660,550,,,680,
227881,Sam Houston State University,500,580,490,560,500,580,500,560,500,580,500,560,440,530,430,540,450,550,440,,,540,450,550,460,,,550,450,540,470,,,550,450,540,470,,,550,440,540,460,,,560,440,540,460,,,550,
122409,San Diego State University,560,650,550,670,560,650,550,660,550,640,540,650,490,600,510,620,500,600,510,,,630,490,600,510,,,620,480,590,500,,,610,480,580,500,,,610,480,580,500,,,610,450,570,460,,,600,
122597,San Francisco State University,470,580,470,570,480,590,470,570,480,580,470,570,430,540,430,550,430,540,430,,,550,430,550,440,,,560,430,550,450,,,560,440,560,450,,,560,440,560,450,,,570,440,560,450,,,570,
122755,San Jose State University,510,620,510,640,510,620,520,640,500,600,500,610,450,560,470,590,450,570,470,,,610,450,560,470,,,600,440,550,470,,,600,430,540,460,,,580,440,560,470,,,590,440,540,460,,,580,
140951,Savannah College of Art and Design,540,640,510,600,530,630,500,600,530,630,500,600,490,610,460,580,480,600,460,460,590,580,490,600,460,460,580,580,480,600,460,470,590,580,480,600,460,460,590,580,480,600,460,470,590,580,490,610,470,,,580,
186584,Seton Hall University,580,660,570,670,580,650,570,660,570,640,570,640,530,620,540,630,520,610,540,,,620,510,600,530,500,610,620,500,600,520,500,600,620,490,590,510,490,600,610,470,580,490,490,600,590,490,580,490,500,590,590,
219356,South Dakota State University,520,630,530,630,490,620,520,640,480,630,500,630,440,580,450,580,430,560,470,,,600,430,560,460,,,610,440,590,460,,,600,430,530,450,,,580,,,,,,,,,,,,,
179557,Southeast Missouri State University,,,,,510,620,520,620,,,,,420,553,458,583,448,580,465,,,595,458,593,433,,,620,435,555,460,,,595,420,560,445,,,615,440,590,450,,,600,398,570,433,,,605,
160612,Southeastern Louisiana University,,,,,,,,,,,,,,,,,,,,,,,,,,,,,,,,,,,,,,,,,,,,,,,,,,,,,
130493,Southern Connecticut State University,470,560,440,530,470,580,450,550,480,570,450,550,420,520,410,510,410,510,410,420,520,500,420,520,410,420,520,510,410,510,410,420,530,510,420,520,410,420,530,520,420,510,420,430,530,520,430,530,420,440,530,530,
149222,Southern Illinois University-Carbondale,520,630,510,620,500,610,500,600,440,640,480,690,440,570,440,560,460,610,470,,,600,475,630,490,,,640,450,590,470,,,620,440,550,450,,,570,450,570,445,,,610,430,540,430,,,560,
149231,Southern Illinois University-Edwardsville,510,610,510,610,510,610,500,610,485,625,495,600,458,505,440,558,430,558,470,440,570,615,440,600,480,425,560,570,470,580,480,460,560,590,435,538,450,448,553,575,,,,,,,,,,,,,
228246,Southern Methodist University,640,720,660,760,630,710,650,750,630,710,640,730,600,700,620,710,600,690,620,600,690,720,600,690,620,600,695,710,600,690,620,590,680,700,590,680,600,570,680,690,580,680,600,,,690,560,670,580,560,660,680,
183026,Southern New Hampshire University,,,,,,,,,,,,,,,,,,,,,,,,,,,,,430,520,440,430,530,540,440,540,450,440,530,560,430,530,450,430,540,550,,,,,,,
230603,Southern Utah University,510,630,510,610,510,640,500,610,510,620,500,600,450,580,440,570,450,590,450,440,570,570,460,570,450,440,550,570,470,570,460,440,550,580,460,560,460,430,540,570,460,580,450,440,560,560,450,580,450,,,570,
195809,St John's University-New York,550,640,540,660,540,630,530,640,540,620,520,630,480,580,490,600,480,580,480,,,600,490,590,500,,,620,480,590,490,,,620,480,580,490,,,610,480,590,490,,,620,480,590,490,,,620,
243744,Stanford University,700,770,740,800,700,770,720,800,690,760,700,780,680,780,700,800,690,780,700,690,780,800,680,780,700,690,790,790,680,780,700,690,780,790,680,780,700,700,780,790,670,770,690,680,780,780,670,760,690,680,780,790,
228431,Stephen F Austin State University,500,600,490,580,500,600,490,580,500,600,490,580,430,540,440,550,440,550,450,,,550,440,540,460,,,540,430,540,460,420,520,550,450,520,470,440,500,530,420,530,440,410,510,540,430,530,440,420,510,540,
196097,Stony Brook University,590,690,640,750,600,680,630,740,590,680,620,730,550,660,600,710,550,660,600,540,660,720,540,640,610,540,650,710,550,650,600,540,650,700,530,640,600,530,640,700,540,640,590,530,630,690,530,630,580,520,630,680,
196060,SUNY at Albany,550,620,540,630,550,630,550,630,550,650,530,610,490,580,500,590,490,580,510,,,590,490,580,520,,,600,490,580,520,,,610,500,580,520,,,610,500,590,530,,,610,500,590,530,,,620,
196264,SUNY Empire State College,,,,,,,,,,,,,,,,,,,,,,,,,,,,,,,,,,,,,,,,,,,,,,,,,,,,,
196413,Syracuse University,580,670,600,710,590,670,590,700,580,670,580,680,530,630,560,660,530,630,560,530,640,660,520,620,550,530,630,660,500,620,540,520,630,650,510,620,540,520,630,650,510,620,540,520,630,650,520,620,540,520,630,650,
228529,Tarleton State University,480,580,470,560,480,580,480,560,480,570,470,560,420,520,430,530,420,520,430,400,500,530,420,520,440,400,500,530,430,530,450,410,500,550,420,530,450,410,510,550,430,530,440,410,510,540,420,530,450,415,510,550,
216339,Temple University,,,,,,,,,,,,,,,,,,,,,,,500,610,510,490,600,620,500,610,510,500,610,620,500,600,510,490,590,610,500,600,510,500,600,610,500,600,510,500,600,610,
221847,Tennessee Technological University,490,630,500,630,530,620,520,640,500,630,510,620,460,590,500,600,440,580,470,,,620,455,620,485,,,640,450,600,470,,,650,470,620,490,,,630,480,620,500,,,650,480,600,490,,,640,
228723,Texas A & M University-College Station,580,680,580,710,580,680,590,700,570,670,570,690,520,640,550,670,520,640,550,490,610,670,520,640,560,490,610,670,520,630,550,490,610,660,520,640,560,500,610,670,530,650,570,510,620,670,530,650,570,510,620,680,
224554,Texas A & M University-Commerce,480,580,470,570,490,580,470,560,480,580,480,570,430,540,440,540,420,540,440,,,540,390,520,340,,,530,430,540,450,,,550,420,530,440,,,550,420,530,440,,,540,430,530,440,400,510,540,
224147,Texas A & M University-Corpus Christi,510,590,500,610,500,590,480,570,420,530,430,530,420,530,430,530,430,530,440,410,510,540,430,530,440,410,510,540,420,520,450,400,500,540,420,530,440,410,510,550,420,530,430,410,510,540,420,530,430,410,510,540,
228875,Texas Christian University,580,670,570,680,580,660,570,683,570,660,560,670,530,630,540,650,530,630,550,530,640,650,530,630,550,540,650,650,540,620,550,540,640,650,530,630,550,550,650,650,520,630,540,540,640,650,520,630,530,520,630,650,
228459,Texas State University,510,600,500,580,510,600,500,580,510,610,510,590,460,560,470,560,460,560,470,440,530,560,460,560,470,440,530,560,460,560,480,440,540,570,460,560,490,450,540,580,470,570,480,450,540,580,470,570,490,450,550,590,
229115,Texas Tech University,540,630,530,630,540,620,530,620,540,620,530,620,500,590,520,610,510,600,520,470,570,620,490,590,510,470,560,610,490,590,520,470,560,620,500,590,520,470,570,620,490,590,520,470,570,610,490,580,510,470,570,610,
229179,Texas Woman's University,470,590,460,560,490,590,480,570,460,550,430,530,410,520,420,530,400,520,420,400,510,530,410,530,430,410,520,540,410,530,430,400,520,540,390,510,420,390,500,530,390,500,420,400,500,525,403,520,420,400,520,530,
193654,The New School,590,680,560,700,590,670,560,690,570,660,530,650,520,640,510,640,,,,,,,500,620,490,,,620,505,635,510,,,605,490,620,490,,,620,500,620,500,510,625,630,490,620,485,500,620,610,
100751,The University of Alabama,550,660,530,680,540,640,520,640,530,640,520,640,490,610,490,620,490,600,490,480,600,610,490,620,500,480,600,630,490,620,500,480,600,640,500,620,500,490,610,640,500,620,500,490,620,640,490,620,500,480,600,620,
180489,The University of Montana,535,635,520,610,530,640,510,620,540,650,520,620,480,610,470,590,490,620,490,480,600,600,480,610,490,470,580,590,490,620,480,470,590,590,480,600,470,460,580,600,490,600,490,470,580,590,490,610,480,470,590,600,
221740,The University of Tennessee-Chattanooga,520,630,510,600,500,620,490,590,530,630,510,610,470,600,450,590,460,570,450,,,580,460,600,460,,,580,470,590,470,,,590,450,570,450,,,580,470,590,470,,,580,470,600,470,,,580,
221759,The University of Tennessee-Knoxville,580,660,570,670,580,660,570,670,580,660,560,650,520,620,520,630,520,630,530,,,630,520,630,530,,,640,520,640,520,,,650,530,640,530,,,650,520,640,530,,,640,530,640,530,,,640,
228769,The University of Texas at Arlington,520,620,520,630,530,630,530,630,530,630,530,640,460,580,490,610,400,540,490,440,560,610,420,568,490,440,550,610,460,580,500,450,560,620,460,580,490,,,610,460,580,490,,,610,460,580,490,,,610,
228778,The University of Texas at Austin,620,720,610,760,620,720,610,760,620,720,600,740,560,680,580,730,570,690,600,560,690,720,570,690,600,560,690,720,550,670,590,550,680,710,550,670,580,540,680,710,540,670,580,540,680,710,530,660,570,530,660,700,
228787,The University of Texas at Dallas,610,710,630,750,600,700,620,740,600,700,620,730,550,670,590,710,560,670,600,520,650,700,550,670,590,,,700,550,670,600,,,700,560,680,600,,,710,540,660,600,,,700,540,670,590,,,700,
228796,The University of Texas at El Paso,,,,,470,570,470,560,460,570,460,560,400,510,420,520,390,510,430,,,540,390,510,430,,,540,390,500,420,,,530,390,490,420,,,530,390,510,420,,,530,390,500,410,,,520,
229027,The University of Texas at San Antonio,520,620,510,600,520,620,520,600,520,610,510,600,450,560,470,570,460,570,470,430,540,580,450,560,480,430,540,590,450,570,490,440,540,590,450,560,480,430,540,580,450,560,470,430,530,580,450,560,470,430,540,580,
228802,The University of Texas at Tyler,540,630,530,610,550,640,530,640,540,630,530,610,470,580,480,570,480,570,490,450,560,590,470,560,483,450,550,590,470,560,490,450,550,598,470,570,490,470,560,600,470,580,490,460,560,580,440,560,470,430,550,580,
227368,The University of Texas Rio Grande Valley,480,580,470,550,480,570,470,550,480,570,470,550,420,520,430,530,410,520,430,400,500,530,420,520,440,410,510,540,410,510,440,400,500,540,420,520,450,410,500,550,410,520,430,400,510,540,410,510,430,400,500,530,
138354,The University of West Florida,550,640,530,620,550,640,530,610,550,630,530,610,480,570,470,560,470,570,460,450,540,550,470,570,460,450,540,550,460,570,460,440,540,560,450,550,450,430,530,540,470,580,470,460,550,570,470,580,460,450,550,570,
187046,Thomas Edison State University,,,,,,,,,,,,,,,,,,,,,,,,,,,,,,,,,,,,,,,,,,,,,,,,,,,,,
196592,Touro College,,,,,,,,,,,,,,,,,,,,,,,,,,,,,,,,,,,,,,,,,,,,,,,,,,,,,
164076,Towson University,540,620,520,600,540,610,520,590,535,610,520,600,490,580,490,580,500,580,500,490,580,590,500,580,500,490,580,590,490,580,500,500,580,590,490,580,500,500,590,600,490,580,500,500,590,590,490,570,500,500,580,590,
102368,Troy University,470,550,460,540,490,580,470,565,480,600,465,605,455,550,470,610,433,528,430,,,550,445,570,430,,,580,,,,,,,,,,,,,,,,,,,,,,,,,
168148,Tufts University,680,750,710,790,680,750,700,780,700,760,710,780,680,750,690,770,680,750,690,680,750,770,680,760,680,690,760,760,680,750,690,680,770,770,670,760,680,680,760,760,680,740,680,680,760,760,670,740,680,680,760,760,
160755,Tulane University of Louisiana,660,750,700,770,670,730,680,760,670,740,660,750,620,710,620,700,620,710,620,640,720,700,610,710,620,640,720,700,620,700,620,630,720,700,630,720,620,640,720,710,620,710,620,640,720,700,610,700,620,620,710,700,
196088,University at Buffalo,570,650,590,690,570,650,590,680,520,610,560,650,520,610,550,660,510,610,550,,,650,500,600,550,,,650,500,600,550,,,660,500,600,550,,,660,500,610,550,,,650,500,610,550,,,650,
200800,University of Akron Main Campus,490,610,500,620,490,620,500,630,510,640,480,640,450,580,460,600,440,580,450,,,610,450,580,450,,,620,450,590,470,,,610,440,570,440,,,590,,,,,,,,,,,,,
100663,University of Alabama at Birmingham,560,680,530,685,490,620,490,620,440,630,550,740,480,640,490,660,520,630,520,,,668,500,640,490,,,640,520,640,520,,,650,500,630,500,,,640,500,630,500,,,640,490,680,510,,,690,
102553,University of Alaska Anchorage,,,,,,,,,,,,,,,,,,,,,,,,,,,,,,,,,,,,,,,,,,,,,,,,,,,,,
104179,University of Arizona,560,670,550,690,540,650,530,660,,,,,,,,,,,,,,,,,,,,,483,600,500,480,590,630,480,600,490,480,600,620,480,610,490,,,620,480,610,470,,,610,
106397,University of Arkansas,570,650,550,650,560,650,540,640,560,640,550,640,500,600,510,620,500,600,510,,,620,500,610,510,,,620,500,600,520,,,630,500,610,520,,,630,500,610,520,,,630,500,610,520,,,640,
106245,University of Arkansas at Little Rock,,,,,480,600,470,590,540,580,560,580,420,560,470,540,420,560,450,440,510,550,410,530,460,410,500,560,360,480,410,,,480,410,505,455,410,505,590,,,,,,,,,,,,,
110635,University of California-Berkeley,650,740,680,790,650,740,670,790,630,720,630,760,620,750,650,790,610,740,640,630,760,770,600,730,640,620,750,770,590,720,630,620,750,770,600,720,650,620,740,770,600,730,630,610,740,760,590,710,640,610,720,750,
110644,University of California-Davis,580,680,590,730,580,670,580,730,560,660,570,700,510,630,540,700,510,630,560,530,650,710,510,640,560,540,660,700,510,640,560,530,650,680,520,640,570,530,660,690,520,650,570,530,650,680,510,640,560,520,640,680,
110653,University of California-Irvine,570,670,600,750,580,670,610,740,580,650,590,700,490,620,570,710,480,600,550,510,620,690,480,600,550,510,620,690,460,600,530,490,620,670,490,610,540,500,630,680,510,620,560,520,640,680,510,620,560,520,640,670,
110662,University of California-Los Angeles,650,740,650,790,650,740,640,780,620,710,600,740,570,710,590,760,580,710,600,590,730,760,580,710,610,600,730,750,560,680,600,590,710,760,560,690,610,590,710,740,570,680,610,580,710,740,560,680,590,580,700,720,
110671,University of California-Riverside,570,650,560,680,560,650,550,680,550,640,540,660,460,580,480,610,490,600,490,510,630,610,490,600,520,500,610,650,470,580,500,480,590,630,460,580,490,470,580,630,450,560,480,460,570,610,450,570,480,460,570,620,
110680,University of California-San Diego,620,710,630,780,620,700,640,770,600,680,610,730,560,680,610,770,580,680,640,600,710,770,560,670,630,590,700,760,550,660,620,580,690,730,520,650,590,550,670,710,540,670,610,560,690,720,540,660,610,560,680,720,
110705,University of California-Santa Barbara,620,710,610,770,620,700,610,760,600,680,590,720,550,660,570,730,530,660,560,510,630,700,530,660,570,560,670,710,530,650,560,550,660,690,540,650,560,540,660,680,540,650,550,540,650,670,530,650,550,540,660,670,
110714,University of California-Santa Cruz,600,670,600,710,590,680,600,720,580,660,580,680,520,630,540,660,510,630,540,510,630,670,480,620,510,490,620,650,470,610,490,470,610,620,500,620,520,500,620,640,490,630,510,500,620,640,510,630,520,520,630,640,
106704,University of Central Arkansas,490,580,470,580,480,580,490,590,470,555,500,580,410,520,460,540,440,540,450,440,550,570,430,550,450,420,530,580,,,,,,,,,,,,,,,,,,,,,,,,,
132903,University of Central Florida,590,670,580,670,590,670,570,670,580,660,570,660,540,630,540,640,540,630,540,510,610,640,540,640,550,510,610,640,540,630,550,510,610,640,530,630,550,510,610,650,530,630,560,510,610,650,530,630,550,510,600,650,
176965,University of Central Missouri,,,,,,,,,,,,,,,,,,,,,,,,,,,,,,,,,,,,,,,,,,,,,,,,,,,,,
206941,University of Central Oklahoma,,,,,,,,,,,,,,,,,,,,,,,,,,,,,,,,,,,,,,,,,,,,,,,,,,,,,
144050,University of Chicago,730,770,770,800,720,770,750,800,730,780,750,800,720,800,730,800,720,800,720,700,780,800,720,800,715,710,780,800,720,800,720,700,780,790,700,780,700,,,790,700,790,700,,,780,700,780,700,690,770,780,
201885,University of Cincinnati-Main Campus,560,660,560,690,580,670,580,700,560,660,560,680,510,640,520,650,510,630,530,490,620,660,510,630,530,490,610,660,490,620,510,490,600,640,510,620,520,480,610,640,500,620,520,480,590,640,500,620,510,490,610,640,
126614,University of Colorado Boulder,580,670,560,690,580,670,570,690,580,660,570,680,520,640,550,670,530,640,540,,,660,520,630,540,,,660,520,630,540,,,650,530,630,540,,,650,520,630,540,,,650,530,630,540,,,660,
126580,University of Colorado Colorado Springs,510,620,510,610,510,610,500,600,530,630,510,620,470,600,470,590,490,600,470,,,590,490,590,490,470,600,600,470,580,470,,,600,485,590,490,460,570,600,480,590,490,,,600,480,590,490,460,580,600,
126562,University of Colorado Denver/Anschutz Medical Campus,500,620,500,600,510,610,510,600,540,640,520,640,480,590,480,600,490,620,480,,,600,490,600,490,,,610,490,600,480,,,605,480,590,490,,,620,470,610,480,,,620,480,600,485,,,610,
129020,University of Connecticut,590,690,610,720,600,690,610,730,600,680,610,710,550,650,570,690,550,650,580,550,650,690,550,650,590,560,660,690,550,650,580,,,680,550,650,580,,,680,550,640,580,,,670,550,640,580,,,670,
202480,University of Dayton,560,650,560,670,560,650,550,660,550,650,550,660,500,610,520,630,510,620,520,520,610,630,510,610,530,510,610,640,490,600,530,500,590,630,510,620,530,,,640,520,620,540,,,640,500,600,520,,,620,
130943,University of Delaware,580,670,580,680,590,670,570,680,570,660,560,670,530,640,530,640,540,640,550,530,640,660,530,640,550,530,640,660,520,630,540,520,630,650,530,640,540,530,640,660,540,650,560,540,640,660,530,640,540,530,640,660,
127060,University of Denver,590,670,580,680,590,690,580,680,590,680,570,670,550,660,560,650,550,660,560,530,630,660,550,640,560,510,620,660,540,660,560,520,630,660,550,640,560,530,640,660,550,660,560,540,640,670,540,650,560,530,640,660,
134130,University of Florida,650,720,660,750,640,710,640,730,620,710,620,690,580,680,600,690,580,670,590,570,670,680,580,670,590,580,670,690,580,670,590,570,680,690,580,670,590,570,670,690,570,670,590,,,690,570,670,600,,,690,
139959,University of Georgia,630,700,610,720,630,700,610,710,610,690,590,680,570,670,570,670,570,660,580,560,660,670,570,660,570,570,660,670,560,660,580,570,670,670,560,650,560,560,650,660,560,660,560,560,660,670,560,660,570,570,660,670,
141574,University of Hawaii at Manoa,540,630,530,640,530,620,520,620,530,620,520,620,480,580,490,610,480,580,490,460,570,610,480,580,500,470,570,610,480,580,500,470,570,610,480,580,500,470,560,600,480,580,510,480,570,610,480,580,510,480,570,620,
225511,University of Houston,570,650,570,660,570,650,560,660,560,640,550,640,510,610,530,640,510,610,540,,,640,500,610,540,,,640,490,610,540,,,640,490,600,530,,,640,480,590,520,,,630,470,580,510,,,620,
225432,University of Houston-Downtown,460,540,460,540,470,540,470,540,460,538,460,540,400,480,420,510,390,480,420,,,510,390,470,430,,,510,380,480,420,,,510,,,,,,,,,,,,,,,,,,,
142285,University of Idaho,510,630,500,610,510,620,500,600,510,620,500,610,470,590,460,580,470,590,470,440,560,580,450,580,460,,,590,480,590,480,460,570,590,480,600,490,460,570,610,480,600,490,460,570,610,480,600,490,460,570,610,
145600,University of Illinois at Chicago,510,620,520,640,510,610,510,610,530,650,550,680,480,580,510,655,470,590,520,480,590,670,460,590,530,,,660,490,600,510,,,640,470,630,510,490,620,640,450,600,500,480,610,650,460,610,510,480,620,660,
145637,University of Illinois at Urbana-Champaign,600,700,610,770,600,690,600,770,630,710,710,790,580,690,705,790,570,680,700,590,690,790,590,690,700,600,690,790,560,670,700,580,670,780,550,680,680,570,680,790,540,660,690,590,680,780,530,660,680,570,670,770,
153658,University of Iowa,560,660,570,680,560,660,560,670,570,680,570,690,480,640,540,680,460,630,540,,,690,460,620,540,,,700,540,620,620,,,680,470,630,550,490,610,690,450,630,540,,,685,460,640,560,,,700,
155317,University of Kansas,,,,,,,,,,,,,,,,,,,,,,,,,,,,,,,,,,,,,,,,,,,,,,,,,,,,,
157085,University of Kentucky,540,650,530,670,550,650,530,650,550,660,530,670,500,620,500,630,500,620,510,490,610,630,490,620,510,480,610,640,490,610,500,,,630,490,610,500,470,600,630,490,620,500,480,590,630,490,610,490,480,600,640,
160658,University of Louisiana at Lafayette,510,618,510,650,520,630,510,620,310,580,510,600,470,580,470,600,460,590,470,,,590,470,590,490,,,590,,,490,450,590,600,460,580,460,,,590,,,,,,,,,,,,,
157289,University of Louisville,540,640,530,650,540,640,530,650,540,640,530,650,,,,,490,620,510,470,590,620,500,620,510,,,630,470,580,510,470,580,610,490,620,500,,,630,500,630,500,,,640,500,628,510,,,640,
161253,University of Maine,530,630,520,630,530,630,520,620,530,630,520,620,470,590,480,600,480,600,480,460,578,610,480,590,480,460,570,600,480,590,490,460,580,610,470,590,470,460,580,600,480,590,480,470,580,600,470,580,480,460,560,590,
163204,University of Maryland Global Campus,,,,,,,,,,,,,,,,,,,,,,,,,,,,,,,,,,,,,,,,,,,,,,,,,,,,,
163268,University of Maryland-Baltimore County,590,670,590,690,600,670,590,690,550,670,590,690,550,650,570,670,540,640,570,530,630,670,540,640,570,530,640,670,540,640,570,530,640,670,550,650,580,530,640,670,540,640,570,530,630,670,540,640,560,530,630,670,
163286,University of Maryland-College Park,630,710,650,760,640,710,650,760,630,720,650,750,590,690,620,730,590,690,620,,,730,590,690,620,,,730,580,690,620,,,730,580,690,610,,,720,580,680,610,,,710,580,680,610,,,710,
166629,University of Massachusetts-Amherst,590,680,600,710,600,680,600,710,590,670,590,690,550,650,580,680,550,640,580,,,670,550,640,570,,,670,540,640,570,,,670,530,630,560,,,660,530,630,560,,,650,520,620,540,,,640,
166638,University of Massachusetts-Boston,,,,,,,,,490,600,510,600,470,580,490,600,470,570,480,,,590,460,570,490,,,580,430,550,470,,,580,430,560,460,,,585,420,540,460,,,570,440,550,460,,,570,
166513,University of Massachusetts-Lowell,570,650,580,670,570,650,580,670,560,650,570,660,520,620,550,640,550,650,550,,,650,510,600,540,,,640,500,600,530,,,630,500,600,520,,,620,480,590,520,,,620,480,580,500,,,610,
220862,University of Memphis,510,620,500,610,500,620,470,590,510,630,500,600,450,600,450,560,430,580,460,410,550,570,450,570,450,440,560,560,450,600,460,450,580,600,440,570,440,410,560,590,,,,,,,420,550,430,400,550,565,
135726,University of Miami,630,700,640,740,620,690,630,740,620,700,610,720,600,680,610,710,590,690,610,580,680,700,600,690,620,590,690,730,600,700,630,590,690,720,600,700,630,590,690,720,600,690,630,600,690,710,590,680,620,580,680,700,
170976,University of Michigan-Ann Arbor,660,740,680,790,660,730,670,780,660,730,670,770,640,730,670,770,630,730,660,640,730,770,620,720,660,620,720,760,620,720,660,630,730,760,610,700,650,620,720,760,600,700,650,620,720,750,590,690,640,610,710,750,
174233,University of Minnesota-Duluth,550,660,560,700,568,660,550,683,520,640,530,640,460,600,510,610,470,610,490,440,580,590,480,610,510,470,570,640,460,590,490,410,570,620,460,580,490,480,560,600,450,580,480,470,590,610,460,590,490,460,570,640,
174066,University of Minnesota-Twin Cities,600,710,660,770,620,710,650,770,620,720,650,760,560,700,620,750,560,700,620,570,690,740,560,690,620,570,680,750,550,690,620,570,670,740,540,690,620,560,670,740,540,690,610,550,670,740,530,690,600,540,660,720,
176017,University of Mississippi,520,630,500,620,530,640,520,630,550,640,520,650,500,610,500,620,490,600,500,,,600,480,590,490,,,590,490,590,490,,,600,480,600,480,,,600,460,590,470,,,590,470,590,470,,,600,
178396,University of Missouri-Columbia,560,660,560,680,560,640,530,650,570,680,550,670,500,640,520,650,530,650,530,,,650,520,650,530,,,660,520,640,520,,,650,510,640,530,,,650,530,650,530,,,650,540,650,530,,,650,
178402,University of Missouri-Kansas City,500,650,480,680,490,590,540,750,570,700,535,720,500,660,480,640,510,680,520,,,710,500,680,510,,,680,,,490,510,660,670,510,670,520,,,700,,,460,500,660,690,,,500,480,600,800,
178420,University of Missouri-St Louis,510,610,520,620,510,610,510,620,530,600,535,625,470,520,470,560,,,,,,,,,490,,,660,,,510,,,590,,,480,,,660,,,460,,,610,,,455,465,555,595,
181394,University of Nebraska at Omaha,,,,,,,,,425,565,415,537,460,590,470,620,453,618,453,410,585,610,,,,,,,,,,,,,,,,,,,,,,,,,,,,,,,
181464,University of Nebraska-Lincoln,560,670,560,690,570,680,560,680,550,680,550,700,480,630,510,650,500,630,500,,,660,500,640,520,,,660,490,660,520,,,670,510,660,540,,,680,510,660,520,,,670,510,650,530,,,670,
182281,University of Nevada-Las Vegas,520,620,510,630,520,620,510,620,520,620,510,620,450,560,450,570,440,560,450,420,530,560,440,550,440,420,530,560,440,550,450,420,530,560,440,550,440,,,560,440,560,450,,,570,440,560,450,,,580,
182290,University of Nevada-Reno,540,640,530,650,540,640,530,640,540,630,530,630,480,590,490,610,480,590,490,460,570,600,480,590,480,460,570,600,480,590,480,460,560,600,470,580,480,450,560,600,470,580,470,450,560,590,460,570,470,,,590,
183044,University of New Hampshire-Main Campus,540,640,530,630,550,640,540,630,540,630,530,630,490,590,500,610,500,600,500,490,590,610,490,590,510,500,600,610,490,590,510,,,610,490,590,500,,,610,490,590,510,,,610,490,590,510,,,620,
187985,University of New Mexico-Main Campus,470,640,500,650,520,640,510,630,460,590,470,580,470,600,480,600,480,610,470,,,600,480,620,485,,,620,470,610,470,,,600,470,600,470,,,590,480,620,480,,,620,480,610,480,,,610,
199120,University of North Carolina at Chapel Hill,650,730,660,770,630,720,640,760,640,720,630,740,600,700,610,720,600,710,620,590,700,720,600,700,620,590,700,720,590,700,610,580,690,710,590,700,610,590,690,700,590,700,610,590,690,710,590,700,620,580,680,710,
199139,University of North Carolina at Charlotte,560,640,560,650,560,630,560,640,560,630,550,640,510,590,520,610,500,580,510,470,560,600,490,570,510,480,560,600,480,560,500,470,550,600,480,560,500,460,550,590,480,570,500,470,550,590,470,550,490,460,550,590,
199148,University of North Carolina at Greensboro,510,600,500,580,500,590,490,570,520,600,510,580,480,570,470,560,470,560,470,440,540,550,470,560,470,440,530,560,460,560,470,440,540,560,460,560,470,440,540,560,460,560,460,440,550,560,460,560,460,450,540,570,
199218,University of North Carolina Wilmington,590,660,580,660,600,660,590,660,600,660,585,650,560,630,570,630,560,630,560,520,620,630,550,630,560,520,620,640,540,620,560,520,600,630,540,620,550,520,600,630,540,620,550,520,600,620,530,620,550,520,610,630,
200280,University of North Dakota,500,620,510,630,480,600,500,630,530,630,520,640,480,580,480,610,460,590,470,,,590,465,600,490,,,600,470,590,500,450,550,610,470,585,500,460,570,620,,,,,,,,,,,,,
136172,University of North Florida,560,640,530,620,570,650,550,630,560,650,530,630,520,620,520,600,540,630,530,500,590,610,540,630,530,500,600,610,540,620,540,500,590,610,530,620,540,500,590,620,530,620,530,500,590,620,530,620,530,490,580,610,
482680,University of North Georgia,500,610,490,580,535,640,490,590,460,570,450,560,420,520,400,500,460,560,450,,,560,460,570,450,,,560,460,570,450,,,560,,,,,,,,,,,,,,,,,,,
227216,University of North Texas,540,630,520,620,540,640,520,620,540,640,520,620,490,600,490,600,490,600,500,,,600,490,600,500,,,610,490,600,510,,,610,480,600,500,,,610,480,600,500,,,610,480,600,500,,,610,
127741,University of Northern Colorado,490,610,480,590,500,610,490,580,510,630,490,610,468,580,460,570,460,580,450,,,580,480,570,470,,,590,450,570,450,,,570,470,580,470,,,570,470,590,470,,,580,470,580,460,,,580,
154095,University of Northern Iowa,480,631,500,610,480,631,500,610,540,670,540,690,425,600,460,620,410,570,470,360,550,610,470,600,470,,,610,,,500,,,640,,,460,,,520,,,,,,,468,618,483,,,600,
152080,University of Notre Dame,680,760,720,790,690,760,710,790,680,750,690,770,670,760,680,780,670,760,680,,,770,660,750,680,,,770,660,750,680,,,770,660,750,680,,,770,660,750,680,,,770,650,740,670,,,770,
207500,University of Oklahoma-Norman Campus,560,650,550,660,580,670,560,680,580,690,570,690,520,665,540,680,520,670,540,,,670,520,670,540,,,670,500,630,530,,,650,510,640,540,,,660,510,650,540,,,655,510,650,530,,,660,
209551,University of Oregon,560,660,540,650,550,650,530,640,550,640,530,630,490,610,490,610,500,620,500,,,610,490,610,500,490,600,620,490,600,500,,,620,492,610,501,,,613,492,607,499,,,611,490,610,500,,,620,
215062,University of Pennsylvania,700,760,750,800,690,760,730,790,700,770,720,790,680,770,700,800,680,760,700,690,780,790,670,770,690,690,780,780,670,760,690,690,780,780,660,760,690,680,770,780,660,750,690,670,770,780,660,750,690,680,770,780,
215293,University of Pittsburgh-Pittsburgh Campus,630,700,630,740,630,700,640,730,620,700,620,718,590,680,600,700,580,660,600,570,670,690,580,670,600,570,670,690,570,660,600,560,660,680,570,690,600,560,660,690,570,680,600,560,660,690,570,680,590,560,660,680,
217484,University of Rhode Island,530,620,520,620,540,620,530,620,530,620,520,610,480,580,490,590,480,580,490,470,570,590,480,580,490,480,580,590,480,580,490,480,580,590,470,570,480,470,570,590,470,570,490,480,570,590,470,570,470,470,570,580,
195030,University of Rochester,640,720,670,780,640,710,680,790,640,720,660,770,,,,,,,,,,,,,,,,,600,700,650,620,700,750,600,700,640,600,700,740,590,700,640,610,700,740,600,690,630,600,700,730,
122612,University of San Francisco,570,660,560,670,570,660,560,670,560,640,540,650,510,620,520,630,530,620,540,520,620,640,510,620,530,510,620,630,530,630,540,530,630,640,510,620,530,520,620,630,510,620,520,520,630,630,500,610,500,510,610,610,
102094,University of South Alabama,520,620,510,600,530,630,510,610,510,610,500,590,470,560,450,570,430,560,430,440,560,540,450,570,450,430,540,585,440,550,435,420,520,565,445,570,440,440,555,580,435,570,420,420,560,560,,,,,,,
218663,University of South Carolina-Columbia,600,680,580,690,600,670,590,690,590,660,580,670,560,650,560,650,550,640,560,,,650,550,640,570,,,660,540,640,560,,,650,540,640,560,,,650,530,630,560,,,650,530,640,560,,,650,
219471,University of South Dakota,500,600,490,580,520,620,510,640,510,590,500,640,440,610,450,590,440,520,460,450,590,610,400,440,470,410,510,610,,,460,430,580,620,460,610,460,460,600,620,460,550,460,510,620,580,440,640,470,,,630,
137351,University of South Florida-Main Campus,590,660,580,670,590,660,580,670,580,650,570,660,530,620,540,630,530,630,540,510,600,640,530,620,540,510,600,630,530,620,550,510,610,640,530,630,540,510,600,640,520,620,540,500,600,630,510,610,520,490,580,620,
123961,University of Southern California,670,740,690,790,660,740,690,790,650,730,650,770,630,730,650,770,620,730,650,650,750,770,620,720,660,640,740,760,620,720,660,640,750,760,620,720,650,640,740,760,610,720,670,650,740,770,620,720,650,640,740,750,
151306,University of Southern Indiana,490,590,490,580,490,590,490,590,490,590,480,580,450,540,440,540,440,550,450,420,525,550,440,550,450,430,520,550,440,550,450,430,530,560,440,550,450,420,530,560,440,540,440,410,510,543,430,530,430,410,510,550,
176372,University of Southern Mississippi,,,,,,,,,,,,,430,540,510,650,450,555,445,,,565,450,560,460,,,555,440,550,470,,,560,453,580,460,,,570,473,570,473,,,590,440,580,430,,,550,
174914,University of St Thomas,570,660,590,690,570,670,560,710,540,650,550,680,500,660,550,630,520,630,510,,,620,540,670,530,,,640,520,640,520,,,640,530,660,530,,,650,500,620,530,,,640,530,650,530,,,650,
156541,University of the Cumberlands,460,580,470,560,485,590,510,590,450,570,460,560,440,520,430,570,430,540,450,,,550,430,530,440,,,550,420,520,440,,,530,420,490,440,,,550,420,510,440,,,530,410,530,450,,,560,
206084,University of Toledo,500,620,500,620,510,610,510,630,510,620,510,620,450,590,470,620,450,580,470,430,560,620,440,575,460,420,550,610,450,570,460,430,560,600,,,,,,,,,,,,,,,,,,,
230764,University of Utah,573,680,570,700,570,670,560,680,560,670,550,680,520,640,530,660,500,640,510,490,620,660,500,640,520,490,610,650,483,620,500,480,610,648,510,620,510,490,610,650,490,630,513,490,610,650,490,630,510,490,610,630,
231174,University of Vermont,600,680,580,680,600,680,580,680,600,680,580,670,550,650,550,650,550,650,550,540,650,640,540,640,540,540,640,650,540,640,540,540,650,650,540,640,550,540,640,640,540,640,550,540,640,640,540,640,545,540,640,640,
234076,University of Virginia-Main Campus,670,740,670,780,660,730,670,770,660,740,650,760,620,720,620,740,620,720,630,620,720,740,620,720,630,620,720,740,620,720,630,620,720,740,620,720,640,630,730,740,610,720,630,620,720,740,600,710,620,610,720,740,
236948,University of Washington-Seattle Campus,600,700,620,770,600,700,620,760,590,690,600,730,540,660,580,710,540,660,580,530,650,710,530,650,580,520,640,700,520,650,580,530,640,710,510,650,570,520,640,700,520,650,580,540,650,700,530,650,570,,,680,
141334,University of West Georgia,490,570,430,510,490,570,430,510,490,580,430,510,440,510,430,500,440,520,420,,,500,440,520,430,420,500,510,440,520,430,420,510,510,440,520,430,420,510,520,450,540,440,,,530,450,530,440,,,530,
240268,University of Wisconsin-Eau Claire,,,,,,,,,,,,,,,,,,,,,,,,,,,,,,,,,,,,,,,,,,,,,,,,,,,,,
240329,University of Wisconsin-La Crosse,,,,,,,,,,,,,,,,,,,,,,,,,,,,,,,,,,,,,,,,,,,,,,,,,,,,,
240444,University of Wisconsin-Madison,630,700,670,780,630,700,650,750,620,690,660,760,560,660,640,760,560,660,630,590,690,750,560,660,620,590,680,740,530,650,630,580,670,750,550,670,620,590,680,740,530,670,620,580,670,740,550,670,620,560,670,720,
240453,University of Wisconsin-Milwaukee,,,,,,,,,,,,,,,,,,,,,,,,,,,,,,,,,,,,,,,,,,,,,,,,,,,,,
240365,University of Wisconsin-Oshkosh,,,,,,,,,,,,,,,,,,,,,,,,,,,,,,,,,,,,,,,,,,,,,,,,,,,,,
240189,University of Wisconsin-Whitewater,,,,,,,,,,,,,420,520,470,590,410,550,490,410,510,590,440,550,390,410,560,570,470,580,470,470,540,600,440,560,490,410,570,550,420,540,450,440,510,560,430,540,460,430,540,600,
240727,University of Wyoming,540,640,520,640,530,640,520,640,520,650,520,640,470,600,490,610,480,615,490,,,620,470,600,470,,,610,480,610,500,,,630,490,600,490,,,630,490,600,490,,,610,480,600,490,,,620,
230728,Utah State University,530,660,520,650,530,650,520,640,490,600,510,620,490,610,490,610,480,600,470,,,610,470,590,450,,,590,480,610,490,,,630,470,620,490,,,610,470,610,480,,,610,470,630,460,,,630,
230737,Utah Valley University,,,,,,,,,,,,,,,,,,,,,,,,,,,,,,,,,,,,,,,,,,,,,,,,,,,,,
141264,Valdosta State University,510,590,480,550,510,590,490,550,500,580,480,550,450,540,440,520,460,550,450,440,530,530,470,560,460,440,540,540,480,570,470,450,540,550,480,560,470,450,540,550,470,540,460,450,530,540,470,550,460,450,540,540,
221999,Vanderbilt University,710,760,750,800,700,760,750,800,710,770,730,800,700,790,720,800,710,790,720,690,770,800,710,780,720,680,770,800,700,780,710,680,770,790,690,770,710,670,770,790,680,770,700,670,760,780,670,760,690,660,750,770,
216597,Villanova University,650,710,670,760,640,710,660,760,620,710,630,730,600,700,620,720,590,690,610,590,690,710,600,690,620,600,700,710,590,690,620,600,690,710,590,680,610,590,690,710,590,680,620,,,710,590,680,620,600,690,710,
234030,Virginia Commonwealth University,550,640,520,620,550,640,520,620,550,640,520,620,490,610,490,590,500,610,490,480,590,590,500,610,500,490,590,600,500,610,500,490,590,600,500,610,500,490,590,600,480,600,490,470,590,590,490,610,490,480,580,600,
233921,Virginia Polytechnic Institute and State University,590,680,590,710,590,680,590,710,590,670,590,690,540,640,560,680,540,640,560,530,630,680,540,640,570,530,640,680,540,640,580,540,640,680,540,640,570,540,640,680,540,640,570,540,630,670,540,640,580,540,630,680,
236939,Washington State University,510,620,510,610,510,610,510,600,510,610,510,610,460,580,470,585,450,570,460,430,550,580,450,570,460,440,550,580,450,570,460,440,550,580,460,570,470,450,550,600,470,580,480,460,560,600,480,580,500,470,570,610,
179867,Washington University in St Louis,720,760,760,800,710,770,760,800,720,770,750,800,690,770,710,800,690,760,710,690,770,790,700,770,720,700,770,800,700,760,720,700,770,790,700,770,720,,,790,690,760,710,,,780,680,750,710,,,790,
172644,Wayne State University,510,620,500,610,510,610,500,600,500,610,500,600,480,620,503,640,,,,,,,,,,,,,,,,,,,,,,,,,,,,,,,,,,,,,
230782,Weber State University,,,,,,,,,,,,,,,,,,,,,,,,,,,,,,,,,,,,,,,,,,,,,,,,,,,,,
179894,Webster University,510,640,500,610,518,630,490,613,530,648,510,605,530,625,545,610,510,630,510,460,620,615,,,460,,,590,500,650,490,470,590,600,500,650,490,470,590,600,575,655,534,470,590,633,500,615,490,500,582,633,
216764,West Chester University of Pennsylvania,520,610,510,600,530,610,520,590,530,610,510,600,480,570,490,580,490,580,490,470,570,580,490,570,500,480,570,590,500,590,520,490,590,600,490,570,500,480,570,590,490,580,500,480,570,580,490,580,500,480,570,590,
229814,West Texas A & M University,470,580,470,560,490,590,480,580,490,590,490,580,420,530,430,530,420,540,440,,,543,420,530,440,,,550,420,540,440,,,540,410,530,450,,,550,420,540,450,,,550,420,540,450,,,560,
238032,West Virginia University,520,620,510,610,530,620,520,620,510,610,510,600,455,560,460,570,460,560,470,,,580,460,560,480,,,580,460,560,470,,,580,470,570,480,,,590,460,560,480,,,580,460,560,480,,,580,
200004,Western Carolina University,510,610,510,590,520,610,510,600,510,610,510,590,450,560,460,560,470,560,470,430,530,570,470,560,480,430,530,570,460,560,480,440,530,570,460,560,485,440,530,570,470,560,480,440,530,570,460,550,480,440,540,560,
433387,Western Governors University,,,,,,,,,,,,,,,,,,,,,,,,,,,,,,,,,,,,,,,,,,,,,,,,,,,,,
157951,Western Kentucky University,500,620,490,600,500,600,480,590,500,600,470,580,430,540,430,550,430,580,440,,,570,440,560,440,,,570,410,580,420,,,570,440,580,430,,,590,430,550,430,,,580,430,540,430,,,550,
172699,Western Michigan University,500,610,500,600,500,600,490,590,490,600,470,590,455,560,445,555,430,590,450,,,570,,,,,,,,,,,,,,,,,,,,,,,,,,,,,,,
237011,Western Washington University,540,650,520,630,550,650,530,630,550,650,530,630,500,620,490,600,500,620,500,470,590,600,500,610,500,470,580,600,490,620,500,,,600,510,620,510,480,600,610,500,620,500,490,600,610,500,620,510,490,590,610,
156125,Wichita State University,510,630,520,640,530,640,520,650,500,625,500,650,445,615,470,605,460,600,480,,,600,,,,,,,460,590,477,,,622,430,570,455,,,590,445,620,480,,,620,450,610,500,,,640,
187444,William Paterson University of New Jersey,,,,,450,550,440,540,470,570,460,550,440,540,450,540,440,540,460,,,540,440,530,450,,,540,450,540,470,,,560,450,550,470,,,550,440,550,460,,,550,440,530,460,,,545,
131113,Wilmington University,,,,,,,,,,,,,,,,,,,,,,,,,,,,,,,,,,,,,,,,,,,,,,,,,,,,,
206604,Wright State University-Main Campus,493,618,480,618,480,628,490,605,490,640,490,630,460,600,470,610,460,600,450,430,570,600,,,,,,,,,,,,,,,,,,,,,,,,,,,,,,,
130794,Yale University,720,770,740,800,720,770,740,800,730,780,730,800,710,800,710,800,720,800,710,710,790,800,710,800,700,710,790,800,700,800,710,710,800,790,700,790,700,710,790,800,700,800,710,710,800,790,700,800,700,700,790,780,
206695,Youngstown State University,490,590,480,590,480,590,480,600,490,600,490,620,420,540,430,550,400,530,410,,,530,400,550,420,390,530,550,,,,,,,,,,,,,,,,,,,,,,,,,