year,university,sexual_assault,alcohol_offense,drug_offense,theft,robbery_burglary,alcohol_offense_strict,noise_offense,treatment,unit_id,graduation_rate_total_cohort_,total_number_of_undergraduates_financial_aid_cohort_,state_abbreviation,fips_state_code,sector_of_institution,level_of_institution,control_of_institution,degree_granting_status,postsecondary_and_title_iv_institution_indicator,institutional_category,institution_size_category,longitude,latitude,x91,total_students_all,total_black_all,total_asian_all,total_women_all,total_men_all,total_undergrad_men,total_undergrad_women,total_undergrad_black,total_undergrad_asian,total_undergrad_hispanic,total_undergrad_white_men,total_undergrad_white_women,total_white_all,ftime_total_undergrad,ftime_total_undergrad_men,ftime_total_undergrad_women,total_students_undergrad
2014,Arkansas State University-Main Campus,4,176,53,108,54,173,7,0,106458,39,9857,AR,5,1,4-year,Public,1,1,"Degree-granting, primarily baccalaureate or above",4,-90.680478,35.842779,NA,13144,1834,102,7797,5347,4208,5649,1364,76,229,3088,4273,9744,7465,3275,4190,9857
2015,Arkansas State University-Main Campus,5,160,75,105,70,157,25,0,106458,40,9592,AR,5,1,4-year,Public,1,1,"Degree-granting, primarily baccalaureate or above",4,-90.680478,35.842779,NA,13410,1788,111,7964,5446,4112,5480,1272,77,246,3020,4177,9996,7295,3193,4102,9592
2016,Arkansas State University-Main Campus,8,203,80,124,72,196,19,0,106458,45,9839,AR,5,1,4-year,Public,1,1,"Degree-granting, primarily baccalaureate or above",4,-90.679988,35.842388,NA,14085,1836,116,8460,5625,4185,5654,1256,83,260,3053,4315,10448,7305,3222,4083,9839
2017,Arkansas State University-Main Campus,7,174,82,58,60,171,12,0.10684931506849316,106458,48,9604,AR,5,1,4-year,Public,1,1,"Degree-granting, primarily baccalaureate or above",4,-90.679988,35.842388,NA,13930,1831,118,8593,5337,3881,5723,1213,87,268,2877,4378,10381,6894,2958,3936,9604
2018,Arkansas State University-Main Campus,19,137,81,58,12,135,6,0,106458,48,9350,AR,5,1,4-year,Public,1,1,"Degree-granting, primarily baccalaureate or above",4,-90.679988,35.842388,NA,13709,1737,126,8534,5175,3739,5611,1152,88,302,2768,4300,10281,6789,2887,3902,9350
2019,Arkansas State University-Main Campus,9,142,91,54,10,140,7,0,106458,53,NA,AR,5,1,4-year,Public,1,1,"Degree-granting, primarily baccalaureate or above",4,-90.679988,35.842388,NA,13356,1725,117,8328,5028,3586,5342,1127,78,344,2635,4013,9956,6439,2739,3700,8928
2014,Ball State University,13,107,26,198,40,107,7,0,150136,59,16415,IN,18,1,4-year,Public,1,1,"Degree-granting, primarily baccalaureate or above",5,-85.408863,40.198942,NA,20655,1378,215,12538,8117,6821,9594,1193,169,620,5456,7755,16267,15018,6262,8756,16415
2015,Ball State University,15,88,105,205,39,88,2,0,150136,60,16602,IN,18,1,4-year,Public,1,1,"Degree-granting, primarily baccalaureate or above",5,-85.408863,40.198942,NA,21196,1464,281,13100,8096,6784,9818,1245,195,696,5379,7814,16670,14716,6026,8690,16602
2016,Ball State University,22,159,189,226,43,159,4,0,150136,58,17011,IN,18,1,4-year,Public,1,1,"Degree-granting, primarily baccalaureate or above",5,-85.409043,40.203431,NA,21998,1567,312,13742,8256,6885,10126,1299,201,749,5420,7984,17240,15110,6170,8940,17011
2017,Ball State University,43,187,283,205,53,187,0,0.18904109589041096,150136,62,17004,IN,18,1,4-year,Public,1,1,"Degree-granting, primarily baccalaureate or above",5,-85.409043,40.203431,NA,22513,1739,344,14291,8222,6881,10123,1396,219,849,5415,7909,17546,15203,6211,8992,17004
2018,Ball State University,29,247,281,161,47,247,0,0.0821917808219178,150136,63,16160,IN,18,1,4-year,Public,1,1,"Degree-granting, primarily baccalaureate or above",5,-85.409043,40.203431,NA,21795,1684,357,14064,7731,6493,9576,1327,199,868,5151,7527,17023,14828,6027,8801,16069
2019,Ball State University,22,213,236,236,52,213,0,0,150136,67,NA,IN,18,1,4-year,Public,1,1,"Degree-granting, primarily baccalaureate or above",5,-85.409043,40.203431,NA,22443,1731,401,14560,7883,6646,10056,1357,250,994,5121,7738,17141,14693,5876,8817,16702
2014,California Polytechnic State University-San Luis Obispo,20,81,18,21,18,81,0,0,110422,75,19246,CA,6,1,4-year,Public,1,1,"Degree-granting, primarily baccalaureate or above",5,-120.65856,35.29889,NA,20186,142,2344,9298,10888,10414,8832,135,2272,2909,6076,5195,11827,18578,9981,8597,19246
2015,California Polytechnic State University-San Luis Obispo,9,90,65,169,10,90,0,0.2273972602739726,110422,76,20049,CA,6,1,4-year,Public,1,1,"Degree-granting, primarily baccalaureate or above",5,-120.65856,35.29889,NA,20944,166,2527,9783,11161,10710,9339,161,2444,3135,6093,5395,11985,19318,10245,9073,20049
2016,California Polytechnic State University-San Luis Obispo,12,187,101,148,13,187,0,0,110422,80,20426,CA,6,1,4-year,Public,1,1,"Degree-granting, primarily baccalaureate or above",5,-120.65731100000001,35.299513,NA,21306,152,2631,10059,11247,10821,9605,147,2564,3278,6061,5450,12018,19703,10334,9369,20426
2017,California Polytechnic State University-San Luis Obispo,15,227,88,139,31,227,0,0,110422,82,21351,CA,6,1,4-year,Public,1,1,"Degree-granting, primarily baccalaureate or above",5,-120.65731100000001,35.299513,NA,22370,168,2843,10709,11661,11153,10198,162,2750,3592,6070,5597,12254,20584,10662,9922,21351
2018,California Polytechnic State University-San Luis Obispo,16,178,72,163,18,178,0,0.136986301369863,110422,82,21098,CA,6,1,4-year,Public,1,1,"Degree-granting, primarily baccalaureate or above",5,-120.65731100000001,35.299513,NA,22013,170,2871,10662,11351,10900,10198,166,2794,3596,5859,5564,11972,20333,10438,9895,21098
2019,California Polytechnic State University-San Luis Obispo,17,171,96,114,16,171,0,0,110422,82,NA,CA,6,1,4-year,Public,1,1,"Degree-granting, primarily baccalaureate or above",5,-120.65731100000001,35.299513,NA,21426,180,2878,10351,11075,10622,9881,172,2792,3595,5664,5312,11512,19685,10105,9580,20503
2014,Clemson University,12,280,93,189,4,220,0,0.04657534246575343,217882,82,17260,SC,45,1,4-year,Public,1,1,"Degree-granting, primarily baccalaureate or above",5,-82.834463,34.677329,NA,21857,1347,389,10160,11697,9229,8031,1116,335,510,7667,6704,16876,16572,8819,7753,17260
2015,Clemson University,11,256,158,226,15,220,0,0,217882,81,18559,SC,45,1,4-year,Public,1,1,"Degree-granting, primarily baccalaureate or above",5,-82.834463,34.677329,NA,22698,1419,470,10682,12016,9520,8496,1191,409,574,7871,7109,17627,17238,9058,8180,18016
2016,Clemson University,11,143,137,188,23,121,0,0,217882,81,19096,SC,45,1,4-year,Public,1,1,"Degree-granting, primarily baccalaureate or above",5,-82.835114,34.679381,NA,23406,1535,526,11200,12206,9725,8874,1265,454,649,8048,7379,18204,17883,9311,8572,18599
2017,Clemson University,9,127,96,204,20,112,0,0,217882,82,19869,SC,45,1,4-year,Public,1,1,"Degree-granting, primarily baccalaureate or above",5,-82.835114,34.679381,NA,24387,1540,531,11881,12506,9988,9414,1279,463,727,8265,7813,19136,18642,9544,9098,19402
2018,Clemson University,5,121,77,114,11,86,0,0.09041095890410959,217882,83,20160,SC,45,1,4-year,Public,1,1,"Degree-granting, primarily baccalaureate or above",5,-82.835114,34.679381,NA,24951,1576,598,12262,12689,10041,9628,1271,516,950,8151,7863,19260,18971,9627,9344,19669
2019,Clemson University,11,157,63,145,9,89,0,0,217882,84,NA,SC,45,1,4-year,Public,1,1,"Degree-granting, primarily baccalaureate or above",5,-82.835114,34.679381,NA,25822,1564,620,12857,12965,10173,10022,1242,528,1111,8129,8106,19640,19486,9751,9735,20195
2014,College of Charleston,10,77,39,74,1,76,0,0,217819,67,10440,SC,45,1,4-year,Public,1,1,"Degree-granting, primarily baccalaureate or above",4,-79.937251,32.783142,NA,11456,823,181,7329,4127,3886,6554,750,177,445,3168,5208,9221,9608,3502,6106,10440
2015,College of Charleston,13,149,55,103,8,148,0,0,217819,68,10468,SC,45,1,4-year,Public,1,1,"Degree-granting, primarily baccalaureate or above",4,-79.937251,32.783142,NA,11531,902,200,7433,4098,3841,6627,808,196,492,3105,5202,9175,9590,3452,6138,10468
2016,College of Charleston,13,100,46,68,9,77,0,0.2540983606557377,217819,69,10375,SC,45,1,4-year,Public,1,1,"Degree-granting, primarily baccalaureate or above",4,-79.937251,32.783142,NA,11294,918,227,7275,4019,3795,6580,835,218,532,3050,5096,8885,9524,3404,6120,10375
2017,College of Charleston,11,56,25,69,4,41,0,0,217819,69,9895,SC,45,1,4-year,Public,1,1,"Degree-granting, primarily baccalaureate or above",4,-79.939794,32.784225,NA,10863,876,237,6985,3878,3629,6266,773,228,528,2862,4798,8402,9083,3249,5834,9895
2018,College of Charleston,11,75,54,64,5,37,0,0,217819,71,9880,SC,45,1,4-year,Public,1,1,"Degree-granting, primarily baccalaureate or above",4,-79.939794,32.784225,NA,10783,850,222,7027,3756,3517,6363,776,215,568,2742,4870,8339,9103,3148,5955,9880
2019,College of Charleston,6,76,23,62,2,34,0,0,217819,66,NA,SC,45,1,4-year,Public,1,1,"Degree-granting, primarily baccalaureate or above",4,-79.939794,32.784225,NA,10545,807,204,6872,3673,3435,6165,709,191,592,2667,4760,8157,8762,3009,5753,9600
2014,East Carolina University,4,195,113,124,3,195,0,0,198464,59,22252,NC,37,1,4-year,Public,1,1,"Degree-granting, primarily baccalaureate or above",5,-77.366199,35.606347,NA,27511,4359,782,16451,11060,9183,13069,3744,594,1337,6295,8876,19058,18903,7897,11006,22252
2015,East Carolina University,14,177,167,197,8,176,0,0.038356164383561646,198464,62,23039,NC,37,1,4-year,Public,1,1,"Degree-granting, primarily baccalaureate or above",5,-77.366199,35.606347,NA,28289,4497,806,16796,11493,9599,13440,3858,625,1436,6524,9055,19404,19336,8132,11204,23039
2016,East Carolina University,20,159,196,157,11,157,0,0,198464,61,22969,NC,37,1,4-year,Public,1,1,"Degree-granting, primarily baccalaureate or above",5,-77.368291,35.607186,NA,28962,4488,838,17118,11844,9781,13188,3681,649,1475,6625,8846,19732,19754,8412,11342,22969
2017,East Carolina University,14,103,263,128,8,101,0,0,198464,62,23265,NC,37,1,4-year,Public,1,1,"Degree-granting, primarily baccalaureate or above",5,-77.368291,35.607186,NA,29131,4639,805,17161,11970,9957,13308,3802,605,1537,6623,8849,19586,19999,8657,11342,23265
2018,East Carolina University,13,87,245,135,6,84,0,0,198464,65,23071,NC,37,1,4-year,Public,1,1,"Degree-granting, primarily baccalaureate or above",5,-77.368291,35.607186,NA,28718,4559,766,16882,11836,9911,13160,3705,576,1564,6612,8668,19130,19562,8497,11065,23071
2019,East Carolina University,13,68,194,125,6,68,0,0,198464,66,NA,NC,37,1,4-year,Public,1,1,"Degree-granting, primarily baccalaureate or above",5,-77.368291,35.607186,NA,28651,4561,785,16910,11741,9897,13184,3753,558,1722,6527,8555,18933,19204,8357,10847,23081
2014,Emory University,NA,NA,NA,NA,NA,NA,NA,0.07945205479452055,139658,89,6880,GA,13,2,4-year,Private not-for-profit,1,1,"Degree-granting, primarily baccalaureate or above",4,-84.325782,33.798836,NA,14769,1474,2281,8349,6420,3424,4405,715,1605,551,1415,1747,6635,7732,3375,4357,7829
2015,Emory University,24,30,33,319,20,30,0,0,139658,89,6867,GA,13,2,4-year,Private not-for-profit,1,1,"Degree-granting, primarily baccalaureate or above",4,-84.325782,33.798836,NA,13788,1410,1968,7937,5851,2876,3991,637,1295,545,1170,1592,6147,6751,2825,3926,6867
2016,Emory University,13,18,13,290,33,18,0,0,139658,91,6861,GA,13,2,4-year,Private not-for-profit,1,1,"Degree-granting, primarily baccalaureate or above",4,-84.325512,33.790183,NA,14067,1390,2010,8176,5891,2814,4047,588,1254,585,1153,1683,6274,6714,2754,3960,6861
2017,Emory University,20,24,17,261,38,24,0,0,139658,91,6937,GA,13,2,4-year,Private not-for-profit,1,1,"Degree-granting, primarily baccalaureate or above",4,-84.325512,33.790183,NA,14263,1385,2067,8324,5939,2809,4128,571,1338,640,1104,1714,6342,6794,2762,4032,6937
2018,Emory University,23,20,29,213,36,20,0,0,139658,90,7086,GA,13,2,4-year,Private not-for-profit,1,1,"Degree-granting, primarily baccalaureate or above",4,-84.325512,33.790183,NA,14458,1450,2227,8604,5854,2832,4254,553,1461,709,1087,1692,6258,6985,2794,4191,7086
2019,Emory University,22,14,36,193,21,14,0,0,139658,90,NA,GA,13,2,4-year,Private not-for-profit,1,1,"Degree-granting, primarily baccalaureate or above",4,-84.325512,33.790183,NA,14415,1500,2271,8621,5794,2868,4250,579,1513,750,1095,1668,6191,7012,2835,4177,7118
2014,Florida Atlantic University,3,70,45,179,36,70,1,0,133669,46,25490,FL,12,1,4-year,Public,1,1,"Degree-granting, primarily baccalaureate or above",5,-80.102293,26.372536,NA,30297,5678,1318,17277,13020,11169,14307,4900,1112,6434,5355,6091,14031,15561,6974,8587,25476
2015,Florida Atlantic University,4,47,38,197,91,47,0,0,133669,49,25471,FL,12,1,4-year,Public,1,1,"Degree-granting, primarily baccalaureate or above",5,-80.102293,26.372536,NA,30380,5740,1287,17308,13072,11125,14346,4923,1076,6566,5166,5851,13571,16116,7145,8971,25471
2016,Florida Atlantic University,3,43,46,170,36,43,0,0,133669,50,25396,FL,12,1,4-year,Public,1,1,"Degree-granting, primarily baccalaureate or above",5,-80.102978,26.372421,NA,30541,5847,1328,17295,13246,11159,14243,4995,1095,6702,5044,5671,13296,16252,7211,9041,25402
2017,Florida Atlantic University,10,118,83,177,44,118,1,0.09315068493150686,133669,51,25017,FL,12,1,4-year,Public,1,1,"Degree-granting, primarily baccalaureate or above",5,-80.102978,26.372421,NA,30208,5778,1361,17061,13147,11047,13983,4950,1100,6738,4861,5432,12849,16325,7224,9101,25030
2018,Florida Atlantic University,6,67,39,96,26,67,2,0.16164383561643836,133669,52,24591,FL,12,1,4-year,Public,1,1,"Degree-granting, primarily baccalaureate or above",5,-80.102978,26.372421,NA,29772,5660,1307,16977,12795,10690,13686,4751,1062,6664,4649,5252,12510,16436,7208,9228,24376
2019,Florida Atlantic University,7,54,17,130,31,54,1,0,133669,50,NA,FL,12,1,4-year,Public,1,1,"Degree-granting, primarily baccalaureate or above",5,-80.102978,26.372421,NA,30061,5795,1332,17229,12832,10745,13995,4896,1074,6822,4587,5265,12301,16678,7334,9344,24740
2014,Florida International University,3,10,136,355,43,10,0,0,133951,54,41009,FL,12,1,4-year,Public,1,1,"Degree-granting, primarily baccalaureate or above",5,-80.377591,25.757111,NA,49610,5977,1434,27757,21853,18167,22842,4995,1086,27451,1818,2127,5683,25644,11207,14437,41009
2015,Florida International University,7,7,71,345,48,7,0,0,133951,58,41032,FL,12,1,4-year,Public,1,1,"Degree-granting, primarily baccalaureate or above",5,-80.377591,25.757111,NA,49782,6082,1364,27924,21858,18204,22828,5041,1032,27306,1757,2168,5603,25638,11302,14336,41032
2016,Florida International University,6,9,70,249,67,9,0,0,133951,56,45856,FL,12,1,4-year,Public,1,1,"Degree-granting, primarily baccalaureate or above",5,-80.377591,25.757111,NA,55003,6828,1480,31250,23753,19950,25906,5723,1130,30864,1879,2252,5864,26312,11468,14844,45856
2017,Florida International University,3,2,43,232,33,2,0,0,133951,57,47629,FL,12,1,4-year,Public,1,1,"Degree-granting, primarily baccalaureate or above",5,-80.373928,25.75732,NA,56718,7150,1487,32541,24177,20532,27097,6024,1120,32158,1801,2314,5805,26655,11563,15092,47629
2018,Florida International University,5,3,11,134,16,3,1,0.0958904109589041,133951,58,48818,FL,12,1,4-year,Public,1,1,"Degree-granting, primarily baccalaureate or above",5,-80.373928,25.75732,NA,57942,7235,1539,33090,24852,21219,27599,6052,1152,32877,1818,2305,5708,27906,12013,15893,48818
2019,Florida International University,11,3,19,142,18,3,0,0,133951,63,NA,FL,12,1,4-year,Public,1,1,"Degree-granting, primarily baccalaureate or above",5,-80.373928,25.75732,NA,58711,7316,1551,33527,25184,21421,27905,6120,1157,33033,1931,2437,5973,28335,12129,16206,49326
2014,Florida State University,8,404,191,329,102,404,0,0,134097,79,32948,FL,12,1,4-year,Public,1,1,"Degree-granting, primarily baccalaureate or above",5,-84.294801,30.4421,NA,41226,3377,1029,22645,18581,14861,18087,2669,808,5872,9936,11586,26466,29211,12820,16391,32948
2015,Florida State University,11,363,212,311,100,363,0,0,134097,79,32706,FL,12,1,4-year,Public,1,1,"Degree-granting, primarily baccalaureate or above",5,-84.294801,30.4421,NA,40830,3302,1017,22460,18370,14710,17996,2611,783,6205,9593,11323,25711,29185,12778,16407,32706
2016,Florida State University,10,317,240,380,133,317,0,0,134097,80,32933,FL,12,1,4-year,Public,1,1,"Degree-granting, primarily baccalaureate or above",5,-84.291921,30.440756,NA,41173,3486,1017,22868,18305,14688,18245,2741,783,6526,9364,11173,25262,29281,12755,16526,32933
2017,Florida State University,16,239,208,336,104,239,0,0.15342465753424658,134097,80,33008,FL,12,1,4-year,Public,1,1,"Degree-granting, primarily baccalaureate or above",5,-84.291921,30.440756,NA,41362,3462,1045,23073,18289,14625,18383,2719,786,6662,9207,11114,25054,29286,12700,16586,33008
2018,Florida State University,9,162,214,315,114,162,0,0.23013698630136986,134097,83,32472,FL,12,1,4-year,Public,1,1,"Degree-granting, primarily baccalaureate or above",5,-84.291921,30.440756,NA,41269,3653,1108,23410,17859,14191,18545,2817,829,6881,8662,10990,24500,29301,12395,16906,32736
2019,Florida State University,6,114,132,271,58,114,0,0,134097,83,NA,FL,12,1,4-year,Public,1,1,"Degree-granting, primarily baccalaureate or above",5,-84.291921,30.440756,NA,42450,3837,1189,24296,18154,14356,18914,2932,896,7150,8679,11085,24969,29879,12593,17286,33270
2014,Indiana University-Bloomington,26,539,622,511,35,498,1,0,151351,78,36419,IN,18,1,4-year,Public,1,1,"Degree-granting, primarily baccalaureate or above",5,-86.526904,39.166383,NA,46416,1794,2008,23317,23099,17803,18616,1413,1512,1672,12930,13593,32242,31370,15629,15741,36419
2015,Indiana University-Bloomington,28,489,611,388,34,489,3,0,151351,77,38364,IN,18,1,4-year,Public,1,1,"Degree-granting, primarily baccalaureate or above",5,-86.526904,39.166383,NA,48514,1903,2150,24364,24150,18688,19676,1508,1588,1820,12739,13147,31589,31728,15877,15851,38364
2016,Indiana University-Bloomington,22,450,532,418,49,440,3,0,151351,76,39184,IN,18,1,4-year,Public,1,1,"Degree-granting, primarily baccalaureate or above",5,-86.526904,39.166383,NA,49695,2097,2518,24775,24920,19200,19984,1661,1913,2121,13667,14084,33498,32005,16131,15874,39184
2017,Indiana University-Bloomington,21,421,434,398,43,415,2,0.0958904109589041,151351,77,33429,IN,18,1,4-year,Public,1,1,"Degree-granting, primarily baccalaureate or above",5,-86.526559,39.16609,NA,43710,1929,2335,21241,22469,16894,16535,1485,1734,1999,11767,11433,28916,32212,16234,15978,33429
2018,Indiana University-Bloomington,31,425,434,362,74,419,2,0.1589041095890411,151351,78,33301,IN,18,1,4-year,Public,1,1,"Degree-granting, primarily baccalaureate or above",5,-86.526559,39.16609,NA,43503,1921,2534,21306,22197,16752,16549,1518,1928,2155,11568,11379,28669,32109,16156,15953,33301
2019,Indiana University-Bloomington,29,333,402,266,26,324,0,0,151351,79,NA,IN,18,1,4-year,Public,1,1,"Degree-granting, primarily baccalaureate or above",5,-86.526559,39.16609,NA,43260,1908,2687,21159,22101,16753,16331,1483,2141,2360,11512,11158,28375,31981,16133,15848,33084
2014,Louisiana State University and Agricultural & Mechanical College,7,25,54,320,106,25,1,0,159391,67,25572,LA,22,1,4-year,Public,1,1,"Degree-granting, primarily baccalaureate or above",5,-91.196656,30.552111,NA,31044,3496,1086,15969,15075,12466,13106,2934,963,1428,9438,9526,22194,23195,11213,11982,25572
2015,Louisiana State University and Agricultural & Mechanical College,3,30,129,341,413,30,25,0,159391,67,26156,LA,22,1,4-year,Public,1,1,"Degree-granting, primarily baccalaureate or above",5,-91.178921,30.414983,NA,31524,3703,1214,16429,15095,12611,13545,3156,1092,1551,9310,9675,22123,23602,11298,12304,26156
2016,Louisiana State University and Agricultural & Mechanical College,8,37,99,303,512,37,36,0,159391,68,26118,LA,22,1,4-year,Public,1,1,"Degree-granting, primarily baccalaureate or above",5,-91.178921,30.414986,NA,31409,3741,1211,16525,14884,12471,13647,3190,1099,1581,9180,9700,21956,23212,11004,12208,26118
2017,Louisiana State University and Agricultural & Mechanical College,5,25,96,237,197,25,23,0.27945205479452057,159391,67,25444,LA,22,1,4-year,Public,1,1,"Degree-granting, primarily baccalaureate or above",5,-91.178921,30.414986,NA,30861,3772,1219,16270,14591,12194,13250,3144,1094,1583,8850,9340,21248,22060,10561,11499,25444
2018,Louisiana State University and Agricultural & Mechanical College,10,19,141,292,112,19,21,0.16164383561643836,159391,67,25233,LA,22,1,4-year,Public,1,1,"Degree-granting, primarily baccalaureate or above",5,-91.178921,30.414986,NA,30983,3867,1270,16557,14426,11920,13313,3187,1120,1664,8498,9075,20789,22418,10536,11882,25233
2019,Louisiana State University and Agricultural & Mechanical College,23,18,132,238,81,18,22,0,159391,68,NA,LA,22,1,4-year,Public,1,1,"Degree-granting, primarily baccalaureate or above",5,-91.178921,30.414986,NA,31756,4239,1344,17074,14682,12164,13662,3464,1200,1833,8533,9168,20984,22726,10618,12108,25826
2014,Marshall University,4,22,21,100,8,22,0,0,237525,44,9536,WV,54,1,4-year,Public,1,1,"Degree-granting, primarily baccalaureate or above",4,-82.43065,38.42261,NA,13381,738,157,7833,5548,4131,5405,608,71,182,3389,4567,10948,8142,3585,4557,9536
2015,Marshall University,3,50,12,86,4,50,0,0,237525,45,9518,WV,54,1,4-year,Public,1,1,"Degree-granting, primarily baccalaureate or above",4,-82.43065,38.42261,NA,13621,730,153,7919,5702,4071,5447,601,70,195,3255,4511,10770,8005,3478,4527,9518
2016,Marshall University,7,29,22,86,4,29,0,0,237525,45,9615,WV,54,1,4-year,Public,1,1,"Degree-granting, primarily baccalaureate or above",4,-82.428964,38.422482,NA,13647,737,162,7962,5685,4115,5500,602,78,192,3297,4583,10799,7997,3488,4509,9615
2017,Marshall University,8,36,20,72,6,36,0,0,237525,49,9489,WV,54,1,4-year,Public,1,1,"Degree-granting, primarily baccalaureate or above",4,-82.428964,38.422482,NA,13246,695,142,7794,5452,4003,5486,554,70,211,3195,4559,10479,7846,3398,4448,9489
2018,Marshall University,6,39,17,40,2,39,0,0.057534246575342465,237525,46,9593,WV,54,1,4-year,Public,1,1,"Degree-granting, primarily baccalaureate or above",4,-82.428964,38.422482,NA,13204,670,142,7856,5348,4070,5523,525,83,193,3266,4624,10546,7460,3220,4240,9593
2019,Marshall University,6,27,29,36,1,27,0,0,237525,49,NA,WV,54,1,4-year,Public,1,1,"Degree-granting, primarily baccalaureate or above",4,-82.428964,38.422482,NA,12852,604,163,7689,5163,3945,5470,470,101,186,3198,4633,10451,7123,3077,4046,9415
2014,Miami University-Oxford,19,263,170,171,23,263,0,0,204024,79,15813,OH,39,1,4-year,Public,1,1,"Degree-granting, primarily baccalaureate or above",4,-84.731821,39.509642,NA,18620,608,358,10003,8617,7798,8015,499,299,537,6038,6364,14546,15311,7522,7789,15813
2015,Miami University-Oxford,19,302,197,203,8,302,0,0,204024,80,16387,OH,39,1,4-year,Public,1,1,"Degree-granting, primarily baccalaureate or above",4,-84.731821,39.509642,NA,19076,594,407,10213,8863,8092,8295,483,344,628,6052,6372,14433,16023,7871,8152,16387
2016,Miami University-Oxford,38,366,287,195,23,366,0,0,204024,78,16981,OH,39,1,4-year,Public,1,1,"Degree-granting, primarily baccalaureate or above",4,-84.731821,39.509642,NA,19697,649,431,10490,9207,8381,8600,521,361,681,6083,6387,14444,16434,8100,8334,16981
2017,Miami University-Oxford,51,413,264,145,16,413,0,0,204024,79,17147,OH,39,1,4-year,Public,1,1,"Degree-granting, primarily baccalaureate or above",4,-84.732954,39.507757,NA,19700,658,442,10350,9350,8549,8598,539,372,770,5980,6253,14040,16619,8281,8338,17147
2018,Miami University-Oxford,54,277,209,153,11,277,0,0.024657534246575342,204024,80,17327,OH,39,1,4-year,Public,1,1,"Degree-granting, primarily baccalaureate or above",4,-84.732954,39.507757,NA,19934,706,443,10462,9472,8677,8650,593,384,821,5976,6242,14051,16714,8365,8349,17327
2019,Miami University-Oxford,110,356,187,204,9,356,0,0,204024,81,NA,OH,39,1,4-year,Public,1,1,"Degree-granting, primarily baccalaureate or above",4,-84.732954,39.507757,NA,19716,751,467,10360,9356,8649,8597,615,411,877,6070,6331,14100,16682,8354,8328,17246
2014,Monmouth University,0,64,14,57,2,63,0,0,185572,67,4634,NJ,34,2,4-year,Private not-for-profit,1,1,"Degree-granting, primarily baccalaureate or above",3,-74.006447,40.280066,NA,6395,351,215,4073,2322,1878,2756,218,129,469,1398,2119,4703,4370,1775,2595,4634
2015,Monmouth University,3,65,12,33,1,65,0,0,185572,67,4693,NJ,34,2,4-year,Private not-for-profit,1,1,"Degree-granting, primarily baccalaureate or above",3,-74.006447,40.280066,NA,6394,344,223,4029,2365,1963,2730,233,150,522,1434,2040,4631,4450,1862,2588,4693
2016,Monmouth University,0,54,11,56,2,54,0,0,185572,70,4707,NJ,34,2,4-year,Private not-for-profit,1,1,"Degree-granting, primarily baccalaureate or above",3,-74.006447,40.280066,NA,6371,374,238,3939,2432,2035,2672,252,163,574,1450,1924,4469,4490,1924,2566,4707
2017,Monmouth University,5,47,7,33,1,47,0,0,185572,70,4706,NJ,34,2,4-year,Private not-for-profit,1,1,"Degree-granting, primarily baccalaureate or above",3,-74.006447,40.280066,NA,6340,356,209,3991,2349,1978,2728,228,141,630,1399,1946,4455,4502,1888,2614,4706
2018,Monmouth University,4,39,3,36,5,39,0,0.32054794520547947,185572,69,4630,NJ,34,2,4-year,Private not-for-profit,1,1,"Degree-granting, primarily baccalaureate or above",3,-74.006447,40.280066,NA,6167,331,201,3845,2322,1962,2668,219,137,631,1388,1876,4316,4448,1880,2568,4630
2019,Monmouth University,3,36,7,30,3,36,0,0.0410958904109589,185572,73,NA,NJ,34,2,4-year,Private not-for-profit,1,1,"Degree-granting, primarily baccalaureate or above",3,-74.006447,40.280066,NA,5953,348,188,3785,2168,1817,2633,229,119,615,1282,1824,4133,4301,1756,2545,4450
2014,Murray State University,11,76,29,101,17,76,0,0,157401,52,9444,KY,21,1,4-year,Public,1,1,"Degree-granting, primarily baccalaureate or above",4,-88.323493,36.61241,NA,11207,776,99,6571,4636,3938,5506,664,81,173,3116,4604,8937,7370,3106,4264,9444
2015,Murray State University,13,37,28,102,15,37,0,0,157401,49,9268,KY,21,1,4-year,Public,1,1,"Degree-granting, primarily baccalaureate or above",4,-88.323493,36.61241,NA,10998,744,103,6491,4507,3815,5453,631,83,183,2980,4520,8685,7162,3038,4124,9268
2016,Murray State University,15,47,23,70,8,47,0,0,157401,49,8886,KY,21,1,4-year,Public,1,1,"Degree-granting, primarily baccalaureate or above",4,-88.323629,36.612419,NA,10486,669,106,6150,4336,3683,5194,565,88,168,2915,4294,8361,6980,2982,3998,8877
2017,Murray State University,19,26,23,84,7,26,0,0,157401,49,8636,KY,21,1,4-year,Public,1,1,"Degree-granting, primarily baccalaureate or above",4,-88.323629,36.612419,NA,10012,587,97,6019,3993,3439,5120,498,75,161,2778,4242,8134,6584,2731,3853,8559
2018,Murray State University,16,14,16,46,13,14,0,0.3013698630136986,157401,55,8142,KY,21,1,4-year,Public,1,1,"Degree-granting, primarily baccalaureate or above",3,-88.323629,36.612419,NA,9454,554,79,5740,3714,3237,4819,461,61,176,2619,3968,7689,6236,2529,3707,8056
2019,Murray State University,12,12,31,62,9,12,0,0,157401,55,NA,KY,21,1,4-year,Public,1,1,"Degree-granting, primarily baccalaureate or above",3,-88.323629,36.612419,NA,9556,551,72,5956,3600,3145,4994,460,59,184,2508,4052,7684,6190,2450,3740,8139
2014,North Carolina State University at Raleigh,NA,NA,NA,NA,NA,NA,NA,0,199193,75,24473,NC,37,1,4-year,Public,1,1,"Degree-granting, primarily baccalaureate or above",5,-78.674517,35.785111,NA,33989,2212,1679,15044,18945,13712,10761,1616,1351,1095,10333,7629,22910,21402,11885,9517,24473
2015,North Carolina State University at Raleigh,16,90,126,260,4,90,8,0.18904109589041096,199193,75,24111,NC,37,1,4-year,Public,1,1,"Degree-granting, primarily baccalaureate or above",5,-78.674517,35.785111,NA,34015,2164,1628,15246,18769,13295,10816,1528,1288,1124,9872,7656,22593,21023,11473,9550,24111
2016,North Carolina State University at Raleigh,43,87,136,232,6,87,26,0,199193,77,23827,NC,37,1,4-year,Public,1,1,"Degree-granting, primarily baccalaureate or above",5,-78.674517,35.785111,NA,33755,2075,1762,15194,18561,13060,10767,1441,1404,1125,9557,7490,22168,20951,11400,9551,23827
2017,North Carolina State University at Raleigh,39,73,130,240,5,73,20,0,199193,79,24150,NC,37,1,4-year,Public,1,1,"Degree-granting, primarily baccalaureate or above",5,-78.674517,35.785111,NA,34432,2038,1924,15741,18691,13191,10959,1407,1508,1221,9296,7404,21687,21384,11581,9803,24150
2018,North Carolina State University at Raleigh,38,31,174,192,3,31,30,0,199193,81,25199,NC,37,1,4-year,Public,1,1,"Degree-granting, primarily baccalaureate or above",5,-78.674517,35.785111,NA,35479,2055,2282,16562,18917,13461,11738,1386,1795,1406,9191,7711,21909,22317,11793,10524,25199
2019,North Carolina State University at Raleigh,56,60,176,189,8,60,9,0,199193,82,NA,NC,37,1,4-year,Public,1,1,"Degree-granting, primarily baccalaureate or above",5,-78.674517,35.785111,NA,36304,2258,2432,17290,19014,13633,12340,1515,1980,1612,9130,8192,22406,22820,11875,10945,25973
2014,Ohio State University-Main Campus,23,290,228,1024,21,254,0,0,204796,83,44741,OH,39,1,4-year,Public,1,1,"Degree-granting, primarily baccalaureate or above",5,-83.009001,39.998389,NA,58322,3108,3339,28658,29664,23470,21271,2544,2558,1551,17085,14976,40283,40613,21205,19408,44741
2015,Ohio State University-Main Campus,29,205,296,991,22,191,0,0,204796,83,45289,OH,39,1,4-year,Public,1,1,"Degree-granting, primarily baccalaureate or above",5,-83.009001,39.998389,NA,58663,3139,3533,28892,29771,23636,21653,2538,2771,1705,16882,15079,39893,41117,21421,19696,45289
2016,Ohio State University-Main Campus,33,314,278,986,29,289,0,0,204796,84,45831,OH,39,1,4-year,Public,1,1,"Degree-granting, primarily baccalaureate or above",5,-83.009001,39.998389,NA,59482,3168,3718,29505,29977,23768,22063,2537,2968,1766,16642,15117,39901,41862,21651,20211,45831
2017,Ohio State University-Main Campus,51,349,391,995,28,329,0,0.12602739726027398,204796,83,45946,OH,39,1,4-year,Public,1,1,"Degree-granting, primarily baccalaureate or above",5,-83.014853,39.999324,NA,59837,3401,3885,29694,30143,23836,22110,2663,3119,1903,16414,15009,39653,42003,21719,20284,45946
2018,Ohio State University-Main Campus,74,391,427,777,48,377,1,0.10136986301369863,204796,84,46820,OH,39,1,4-year,Public,1,1,"Degree-granting, primarily baccalaureate or above",5,-83.014853,39.999324,NA,61170,3713,4161,30775,30395,24041,22779,2950,3340,2040,16177,14998,39360,42831,21958,20873,46820
2019,Ohio State University-Main Campus,167,580,554,717,57,575,16,0,204796,86,NA,OH,39,1,4-year,Public,1,1,"Degree-granting, primarily baccalaureate or above",5,-83.014853,39.999324,NA,61391,3953,4409,31110,30281,23982,22836,3138,3598,2234,15864,14789,38996,42776,21877,20899,46818
2014,Ohio University,14,370,418,159,22,370,43,0,NA,NA,NA,NA,NA,NA,NA,NA,NA,NA,NA,NA,NA,NA,NA,NA,NA,NA,NA,NA,NA,NA,NA,NA,NA,NA,NA,NA,NA,NA,NA,NA
2015,Ohio University,29,406,531,212,18,406,29,0,NA,NA,NA,NA,NA,NA,NA,NA,NA,NA,NA,NA,NA,NA,NA,NA,NA,NA,NA,NA,NA,NA,NA,NA,NA,NA,NA,NA,NA,NA,NA,NA
2016,Ohio University,24,468,496,214,15,468,14,0,NA,NA,NA,NA,NA,NA,NA,NA,NA,NA,NA,NA,NA,NA,NA,NA,NA,NA,NA,NA,NA,NA,NA,NA,NA,NA,NA,NA,NA,NA,NA,NA
2017,Ohio University,21,346,556,139,17,345,18,0,NA,NA,NA,NA,NA,NA,NA,NA,NA,NA,NA,NA,NA,NA,NA,NA,NA,NA,NA,NA,NA,NA,NA,NA,NA,NA,NA,NA,NA,NA,NA,NA
2018,Ohio University,22,220,360,96,8,219,8,0,NA,NA,NA,NA,NA,NA,NA,NA,NA,NA,NA,NA,NA,NA,NA,NA,NA,NA,NA,NA,NA,NA,NA,NA,NA,NA,NA,NA,NA,NA,NA,NA
2019,Ohio University,27,261,149,120,6,260,12,0,NA,NA,NA,NA,NA,NA,NA,NA,NA,NA,NA,NA,NA,NA,NA,NA,NA,NA,NA,NA,NA,NA,NA,NA,NA,NA,NA,NA,NA,NA,NA,NA
2014,Rollins College,NA,NA,NA,NA,NA,NA,NA,0,136950,71,2670,FL,12,2,4-year,Private not-for-profit,1,1,"Degree-granting, primarily baccalaureate or above",2,-81.348716,28.591992,NA,3207,197,95,1880,1327,1093,1577,163,68,417,684,981,2026,2452,997,1455,2670
2015,Rollins College,2,5,13,45,13,5,0,0,136950,71,2687,FL,12,2,4-year,Private not-for-profit,1,1,"Degree-granting, primarily baccalaureate or above",2,-81.348716,28.591992,NA,3260,189,102,1906,1354,1105,1582,144,78,436,673,964,1967,2480,1021,1459,2687
2016,Rollins College,4,8,11,53,22,8,0,0,136950,72,2642,FL,12,2,4-year,Private not-for-profit,1,1,"Degree-granting, primarily baccalaureate or above",2,-81.348716,28.591992,NA,3240,171,102,1907,1333,1076,1566,132,83,457,640,908,1847,2450,990,1460,2642
2017,Rollins College,3,9,6,31,11,9,0,0.14246575342465753,136950,75,2612,FL,12,2,4-year,Private not-for-profit,1,1,"Degree-granting, primarily baccalaureate or above",2,-81.349239,28.592787,NA,3278,180,109,1948,1330,1049,1563,127,88,498,593,860,1804,2453,972,1481,2612
2018,Rollins College,5,3,18,50,7,3,0,0,136950,74,2571,FL,12,2,4-year,Private not-for-profit,1,1,"Degree-granting, primarily baccalaureate or above",2,-81.349239,28.592787,NA,3127,170,106,1877,1250,1031,1540,128,85,517,589,819,1719,2433,975,1458,2571
2019,Rollins College,7,5,21,42,5,5,0,0,136950,74,NA,FL,12,2,4-year,Private not-for-profit,1,1,"Degree-granting, primarily baccalaureate or above",2,-81.349239,28.592787,NA,3127,153,108,1876,1251,1034,1564,124,86,527,582,829,1710,2482,979,1503,2598
2014,Rutgers University-New Brunswick,21,84,130,599,99,84,0,0,186380,81,36016,NJ,34,1,4-year,Public,1,1,"Degree-granting, primarily baccalaureate or above",5,-74.45051,40.503796,NA,48378,3874,10850,25878,22500,17144,17400,2577,8853,4291,7828,7082,20916,32411,16238,16173,34544
2015,Rutgers University-New Brunswick,29,67,104,544,76,67,1,0.0684931506849315,186380,80,35484,NJ,34,1,4-year,Public,1,1,"Degree-granting, primarily baccalaureate or above",5,-74.45051,40.503796,NA,49428,3931,11108,26388,23040,17580,17904,2645,9071,4558,7761,6964,20629,33392,16700,16692,35484
2016,Rutgers University-New Brunswick,20,129,195,549,67,129,0,0,186380,80,36168,NJ,34,1,4-year,Public,1,1,"Degree-granting, primarily baccalaureate or above",5,-74.446251,40.498769,NA,50146,4029,11365,26731,23415,17926,18242,2717,9289,4740,7557,6909,20329,34020,17016,17004,36168
2017,Rutgers University-New Brunswick,28,158,254,431,87,158,0,0,186380,80,35641,NJ,34,1,4-year,Public,1,1,"Degree-granting, primarily baccalaureate or above",5,-74.446251,40.498769,NA,49577,3876,11555,26459,23118,17728,17913,2562,9449,4669,7173,6661,19723,33677,16862,16815,35641
2018,Rutgers University-New Brunswick,20,123,240,421,62,123,0,0,186380,80,36039,NJ,34,1,4-year,Public,1,1,"Degree-granting, primarily baccalaureate or above",5,-74.446251,40.498769,NA,50254,3838,12024,26887,23367,17862,18177,2497,9890,4722,6987,6542,19556,34052,16947,17105,36039
2019,Rutgers University-New Brunswick,18,81,346,379,77,81,0,0,186380,84,NA,NJ,34,1,4-year,Public,1,1,"Degree-granting, primarily baccalaureate or above",5,-74.446251,40.498769,NA,50173,3650,12509,26807,23366,18098,18060,2298,10392,4647,6761,6266,18812,34285,17214,17071,36158
2014,San Diego State University,13,86,31,100,19,86,0,0,122409,66,28394,CA,6,1,4-year,Public,1,1,"Degree-granting, primarily baccalaureate or above",5,-117.071228,32.77525,NA,33483,1162,4183,18661,14822,12798,15596,1015,3715,8708,4390,5377,11723,25096,11272,13824,28394
2015,San Diego State University,20,107,19,114,12,107,0,0,122409,68,29253,CA,6,1,4-year,Public,1,1,"Degree-granting, primarily baccalaureate or above",5,-117.071228,32.77525,NA,34254,1267,4433,18953,15301,13331,15922,1115,3991,9021,4483,5333,11669,26010,11867,14143,29253
2016,San Diego State University,12,60,27,172,76,60,0,0,122409,73,29860,CA,6,1,4-year,Public,1,1,"Degree-granting, primarily baccalaureate or above",5,-117.071228,32.77525,NA,34688,1356,4437,19143,15545,13649,16211,1200,4032,9248,4583,5314,11709,26790,12180,14610,29860
2017,San Diego State University,9,73,40,279,86,73,0,0,122409,74,30272,CA,6,1,4-year,Public,1,1,"Degree-granting, primarily baccalaureate or above",5,-117.071228,32.77525,NA,35135,1342,4471,19395,15740,13845,16404,1194,4015,9307,4598,5479,11937,27040,12325,14715,30249
2018,San Diego State University,12,124,54,322,62,124,1,0.5726027397260274,122409,74,30586,CA,6,1,4-year,Public,1,1,"Degree-granting, primarily baccalaureate or above",5,-117.071228,32.77525,NA,35303,1361,4515,19629,15674,13862,16724,1200,4061,9519,4612,5536,11927,27453,12313,15140,30586
2019,San Diego State University,18,93,57,298,94,93,1,0.14520547945205478,122409,73,NA,CA,6,1,4-year,Public,1,1,"Degree-granting, primarily baccalaureate or above",5,-117.071228,32.77525,NA,35544,1394,4462,19926,15618,13845,17003,1243,4030,9793,4649,5750,12158,27638,12234,15404,30848
2014,Syracuse University,NA,NA,NA,NA,NA,NA,NA,0,196413,80,15224,NY,36,2,4-year,Private not-for-profit,1,1,"Degree-granting, primarily baccalaureate or above",5,-76.136738,43.040525,NA,21492,1656,1354,11592,9900,6820,8404,1342,1159,1609,3904,4557,11258,14532,6487,8045,15224
2015,Syracuse University,20,321,90,256,56,321,23,0,196413,81,15196,NY,36,2,4-year,Private not-for-profit,1,1,"Degree-granting, primarily baccalaureate or above",5,-76.136633,43.040005,NA,21789,1620,1370,11603,10186,6873,8323,1233,1157,1569,3889,4524,11360,14566,6566,8000,15196
2016,Syracuse University,7,341,130,214,72,341,15,0,196413,82,15218,NY,36,2,4-year,Private not-for-profit,1,1,"Degree-granting, primarily baccalaureate or above",5,-76.136975,43.040176,NA,21970,1626,1341,11630,10340,6945,8273,1170,1101,1509,4025,4571,11708,14607,6635,7972,15218
2017,Syracuse University,30,336,150,185,53,336,25,0,196413,83,15252,NY,36,2,4-year,Private not-for-profit,1,1,"Degree-granting, primarily baccalaureate or above",5,-76.136975,43.040176,NA,22484,1640,1332,11807,10677,7026,8226,1099,1037,1441,4079,4630,12042,14675,6749,7926,15252
2018,Syracuse University,21,166,78,144,26,166,8,0,196413,83,15226,NY,36,2,4-year,Private not-for-profit,1,1,"Degree-granting, primarily baccalaureate or above",5,-76.136975,43.040176,NA,22803,1575,1400,11900,10903,7008,8218,987,1043,1393,4049,4613,12131,14655,6727,7928,15226
2019,Syracuse University,24,226,75,147,37,226,5,0.06027397260273973,196413,83,NA,NY,36,2,4-year,Private not-for-profit,1,1,"Degree-granting, primarily baccalaureate or above",5,-76.136975,43.040176,NA,22850,1590,1311,11842,11008,7119,8156,980,970,1441,4022,4561,12003,14727,6827,7900,15275
2014,Texas State University,10,217,159,174,76,217,0,0,228459,55,32177,TX,48,1,4-year,Public,1,1,"Degree-granting, primarily baccalaureate or above",5,-97.936392,29.889202,NA,36739,2931,819,20852,15887,14157,18020,2661,680,10647,7449,8974,18983,26234,11340,14894,32177
2015,Texas State University,6,187,165,161,53,187,0,0,228459,53,33480,TX,48,1,4-year,Public,1,1,"Degree-granting, primarily baccalaureate or above",5,-97.936392,29.889202,NA,37979,3299,893,21860,16119,14394,19086,3018,747,11586,7282,9142,18889,27369,11519,15850,33480
2016,Texas State University,9,134,198,117,36,134,0,0,228459,54,34244,TX,48,1,4-year,Public,1,1,"Degree-granting, primarily baccalaureate or above",5,-97.936392,29.889202,NA,38808,3597,897,22485,16323,14676,19568,3269,771,12304,7155,9086,18662,28180,11896,16284,34244
2017,Texas State University,2,171,241,29,11,171,0,0.13150684931506848,228459,54,34180,TX,48,1,4-year,Public,1,1,"Degree-granting, primarily baccalaureate or above",5,-97.943029,29.888885,NA,38666,3679,903,22556,16110,14540,19640,3333,757,12755,6876,8841,18090,28019,11701,16318,34180
2018,Texas State University,4,127,182,3,3,127,0,0.15342465753424658,228459,55,34187,TX,48,1,4-year,Public,1,1,"Degree-granting, primarily baccalaureate or above",5,-97.943029,29.888885,NA,38644,3701,981,22599,16045,14466,19721,3374,836,13151,6682,8504,17508,28042,11625,16417,34187
2019,Texas State University,10,81,129,76,40,81,0,0,228459,54,NA,TX,48,1,4-year,Public,1,1,"Degree-granting, primarily baccalaureate or above",5,-97.943029,29.888885,NA,38187,3487,1011,22506,15681,14193,19724,3188,861,13515,6527,8205,16927,27923,11430,16493,33917
2014,Tufts University,2,9,1,70,14,9,1,0,168148,92,5177,MA,25,2,4-year,Private not-for-profit,1,1,"Degree-granting, primarily baccalaureate or above",4,-71.120641,42.406004,NA,10907,368,1353,5941,4966,2559,2618,208,567,346,1561,1396,5913,5127,2532,2595,5177
2015,Tufts University,6,13,10,73,19,13,2,0,168148,93,5290,MA,25,2,4-year,Private not-for-profit,1,1,"Degree-granting, primarily baccalaureate or above",4,-71.121689,42.406994,NA,11137,385,1377,6135,5002,2635,2655,202,593,331,1622,1434,6158,5215,2603,2612,5290
2016,Tufts University,7,12,4,74,21,12,1,0.12568306010928962,168148,92,5508,MA,25,2,4-year,Private not-for-profit,1,1,"Degree-granting, primarily baccalaureate or above",4,-71.120316,42.408465,NA,11489,453,1447,6363,5126,2734,2774,231,652,365,1617,1473,6212,5435,2701,2734,5508
2017,Tufts University,2,7,2,52,5,7,5,0.049315068493150684,168148,93,5541,MA,25,2,4-year,Private not-for-profit,1,1,"Degree-granting, primarily baccalaureate or above",4,-71.120316,42.408465,NA,11449,467,1474,6347,5102,2718,2823,223,655,378,1595,1528,6230,5483,2694,2789,5541
2018,Tufts University,1,5,1,44,8,5,2,0,168148,93,5643,MA,25,2,4-year,Private not-for-profit,1,1,"Degree-granting, primarily baccalaureate or above",4,-71.118293,42.40855,NA,11586,506,1542,6475,5111,2697,2946,240,736,389,1559,1543,6214,5508,2627,2881,5643
2019,Tufts University,1,5,2,47,6,5,1,0,168148,94,NA,MA,25,2,4-year,Private not-for-profit,1,1,"Degree-granting, primarily baccalaureate or above",4,-71.118293,42.40855,NA,11878,555,1670,6632,5246,2774,3133,254,845,433,1520,1598,6174,5742,2686,3056,5907
2014,University at Buffalo,14,36,37,329,29,36,0,0,196088,72,19828,NY,36,1,4-year,Public,1,1,"Degree-granting, primarily baccalaureate or above",5,-78.790103,43.001433,NA,29995,1726,3322,14116,15879,10815,9067,1374,2702,1209,5505,4114,14311,18166,10027,8139,19882
2015,University at Buffalo,13,25,20,309,41,24,0,0,196088,74,19953,NY,36,1,4-year,Public,1,1,"Degree-granting, primarily baccalaureate or above",5,-78.790103,43.001433,NA,29796,1832,3464,13839,15957,11127,8826,1469,2822,1273,5602,3881,14179,18452,10432,8020,19953
2016,University at Buffalo,14,27,18,277,29,27,0,0,196088,74,20412,NY,36,1,4-year,Public,1,1,"Degree-granting, primarily baccalaureate or above",5,-78.789458,43.000942,NA,30184,1892,3533,13814,16370,11597,8815,1499,2888,1375,5818,3910,14302,18824,10843,7981,20412
2017,University at Buffalo,11,12,20,254,35,12,0,0,196088,75,21020,NY,36,1,4-year,Public,1,1,"Degree-granting, primarily baccalaureate or above",5,-78.789458,43.000942,NA,30648,1980,3762,13966,16682,11963,9057,1582,3029,1534,5981,3967,14432,19401,11172,8229,21020
2018,University at Buffalo,16,21,16,210,26,21,0,0,196088,76,21607,NY,36,1,4-year,Public,1,1,"Degree-granting, primarily baccalaureate or above",5,-78.789458,43.000942,NA,31503,2144,4004,14450,17053,12193,9414,1718,3214,1600,6048,4164,14766,19941,11407,8534,21607
2019,University at Buffalo,16,22,12,213,17,22,0,0.3589041095890411,196088,75,NA,NY,36,1,4-year,Public,1,1,"Degree-granting, primarily baccalaureate or above",5,-78.789458,43.000942,NA,31923,2338,4188,14771,17152,12308,9613,1843,3377,1603,6094,4300,15086,20401,11549,8852,21921
2014,University of California-Berkeley,22,113,170,905,195,113,0,0,110635,91,27126,CA,6,1,4-year,Public,1,1,"Degree-granting, primarily baccalaureate or above",5,-122.260401,37.871519,NA,37565,886,11172,18851,18714,12989,14137,567,9519,3754,3726,3754,11519,26320,12598,13722,27126
2015,University of California-Berkeley,20,101,90,661,154,101,0,0,110635,92,27496,CA,6,1,4-year,Public,1,1,"Degree-granting, primarily baccalaureate or above",5,-122.260423,37.871969,NA,38189,883,11322,19223,18966,13183,14313,583,9697,3875,3677,3717,11447,26622,12756,13866,27496
2016,University of California-Berkeley,33,59,58,634,175,59,0,0.0273224043715847,110635,92,29310,CA,6,1,4-year,Public,1,1,"Degree-granting, primarily baccalaureate or above",5,-122.260463,37.871918,NA,40154,877,11963,20105,20049,14165,15145,575,10382,4292,3859,3854,11797,28108,13575,14533,29310
2017,University of California-Berkeley,10,24,21,290,30,24,0,0,110635,91,30574,CA,6,1,4-year,Public,1,1,"Degree-granting, primarily baccalaureate or above",5,-122.260463,37.871918,NA,41891,828,12158,21182,20709,14608,15966,535,10555,4731,3860,4007,11970,29351,14016,15335,30574
2018,University of California-Berkeley,43,334,40,833,58,334,0,0,110635,91,30853,CA,6,1,4-year,Public,1,1,"Degree-granting, primarily baccalaureate or above",5,-122.260463,37.871918,NA,42501,842,12501,21635,20866,14622,16231,570,10830,4701,3707,3965,11678,29570,14000,15570,30853
2019,University of California-Berkeley,25,210,22,437,45,210,0,0,110635,93,NA,CA,6,1,4-year,Public,1,1,"Degree-granting, primarily baccalaureate or above",5,-122.260463,37.871918,NA,43185,920,13026,22394,20791,14431,16917,601,11138,5043,3483,4029,11569,29991,13825,16166,31348
2014,University of Central Florida,20,207,131,401,78,201,0,0,132903,70,52671,FL,12,1,4-year,Public,1,1,"Degree-granting, primarily baccalaureate or above",5,-81.198805,28.60106,NA,60767,6400,3343,33482,27285,23819,28852,5711,2949,12110,13421,15589,33293,36477,16593,19884,52671
2015,University of Central Florida,19,326,105,306,84,316,0,0,132903,70,54662,FL,12,1,4-year,Public,1,1,"Degree-granting, primarily baccalaureate or above",5,-81.198805,28.60106,NA,62953,6865,3659,34671,28282,24778,29884,6101,3205,13075,13508,15458,33230,37661,17102,20559,54662
2016,University of Central Florida,18,390,110,286,98,388,0,0,132903,69,55723,FL,12,1,4-year,Public,1,1,"Degree-granting, primarily baccalaureate or above",5,-81.198805,28.60106,NA,64088,7113,3781,35157,28931,25340,30383,6311,3316,14072,13288,15041,32577,38508,17529,20979,55723
2017,University of Central Florida,31,250,159,291,104,247,0,0,132903,70,56853,FL,12,1,4-year,Public,1,1,"Degree-granting, primarily baccalaureate or above",5,-81.200889,28.602159,NA,66059,7316,4007,36266,29793,25979,30874,6349,3454,14953,13117,14742,32470,39962,18222,21740,56853
2018,University of Central Florida,38,138,134,227,39,138,0,0.15342465753424658,132903,73,58821,FL,12,1,4-year,Public,1,1,"Degree-granting, primarily baccalaureate or above",5,-81.200889,28.602159,NA,68475,7531,4306,37641,30834,26800,32021,6520,3681,16169,13066,14794,32699,41852,19161,22691,58821
2019,University of Central Florida,57,129,123,270,71,128,0,0,132903,72,NA,FL,12,1,4-year,Public,1,1,"Degree-granting, primarily baccalaureate or above",5,-81.200889,28.602159,NA,69402,7442,4428,38280,31122,26976,32395,6375,3822,16818,12842,14640,32460,42468,19373,23095,59371
2014,University of Idaho,0,1,5,0,0,1,23,0,142285,58,8615,ID,16,1,4-year,Public,1,1,"Degree-granting, primarily baccalaureate or above",4,-117.024296,46.726894,NA,11702,142,161,5482,6220,4883,4400,110,116,806,3680,3384,8853,7718,4162,3556,9283
2015,University of Idaho,0,10,0,3,1,10,0,0,142285,57,9116,ID,16,1,4-year,Public,1,1,"Degree-granting, primarily baccalaureate or above",4,-117.024296,46.726894,NA,11372,157,165,5377,5995,4738,4378,121,123,891,3444,3240,8307,7400,3943,3457,9116
2016,University of Idaho,1,7,1,1,0,7,2,0,142285,56,9586,ID,16,1,4-year,Public,1,1,"Degree-granting, primarily baccalaureate or above",4,-117.024296,46.726894,NA,11780,165,210,5647,6133,4921,4665,131,169,956,3555,3332,8453,7269,3890,3379,9586
2017,University of Idaho,8,27,59,37,17,27,17,0.0547945205479452,142285,55,9885,ID,16,1,4-year,Public,1,1,"Degree-granting, primarily baccalaureate or above",4,-117.014167,46.727406,NA,12072,158,197,5896,6176,4968,4917,120,162,1047,3491,3442,8464,7166,3744,3422,9885
2018,University of Idaho,18,57,77,56,21,57,32,0.19452054794520549,142285,59,9568,ID,16,1,4-year,Public,1,1,"Degree-granting, primarily baccalaureate or above",4,-117.014167,46.727406,NA,11841,133,182,5782,6059,4799,4769,101,141,1003,3391,3411,8338,6984,3617,3367,9568
2019,University of Idaho,9,45,58,75,27,45,25,0,142285,56,NA,ID,16,1,4-year,Public,1,1,"Degree-granting, primarily baccalaureate or above",4,-117.014167,46.727406,NA,11926,133,202,5950,5976,4633,4759,103,157,957,3333,3429,8437,6749,3446,3303,9392
2014,University of Iowa,14,542,208,211,16,539,0,0,153658,70,22354,IA,19,1,4-year,Public,1,1,"Degree-granting, primarily baccalaureate or above",5,-91.535698,41.660695,NA,29970,853,1056,15461,14509,10794,11560,648,710,1416,7227,7995,20118,19546,9384,10162,22354
2015,University of Iowa,17,419,165,252,37,415,0,0,153658,72,23357,IA,19,1,4-year,Public,1,1,"Degree-granting, primarily baccalaureate or above",5,-91.535698,41.660695,NA,30844,959,1238,15946,14898,11227,12130,750,870,1669,7443,8299,20558,19911,9501,10410,23357
2016,University of Iowa,48,493,168,243,33,491,0,0,153658,72,24476,IA,19,1,4-year,Public,1,1,"Degree-granting, primarily baccalaureate or above",5,-91.536425,41.661935,NA,32011,1030,1380,16665,15346,11624,12852,816,982,1815,7930,8853,21682,20868,9906,10962,24476
2017,University of Iowa,26,399,136,313,34,399,0,0.5506849315068493,153658,74,24503,IA,19,1,4-year,Public,1,1,"Degree-granting, primarily baccalaureate or above",5,-91.536425,41.661935,NA,32166,1031,1452,16876,15290,11561,12942,801,1021,1831,8141,9189,22315,21222,9981,11241,24503
2018,University of Iowa,32,453,118,278,21,450,0,0,153658,73,23989,IA,19,1,4-year,Public,1,1,"Degree-granting, primarily baccalaureate or above",5,-91.536425,41.661935,NA,31656,974,1446,16789,14867,11191,12798,727,1016,1835,7988,9369,22334,21690,10075,11615,23989
2019,University of Iowa,36,458,83,211,21,457,0,0,153658,72,NA,IA,19,1,4-year,Public,1,1,"Degree-granting, primarily baccalaureate or above",5,-91.536425,41.661935,NA,31240,940,1425,16733,14507,10830,12652,692,976,1847,7927,9389,22338,21212,9717,11495,23482
2014,University of Kansas,6,59,81,181,45,59,0,0,155317,60,19343,KS,20,1,4-year,Public,1,1,"Degree-granting, primarily baccalaureate or above",5,-95.24587,38.957351,NA,27180,1133,1081,13950,13230,9683,9660,893,792,1299,6942,7027,19137,17335,8671,8664,19343
2015,University of Kansas,2,49,90,139,37,49,0,0,155317,61,19245,KS,20,1,4-year,Public,1,1,"Degree-granting, primarily baccalaureate or above",5,-95.247618,38.958551,NA,27259,1051,1157,14132,13127,9579,9666,785,844,1375,6744,6994,19032,17191,8523,8668,19245
2016,University of Kansas,1,36,66,167,40,36,0,0,155317,63,19262,KS,20,1,4-year,Public,1,1,"Degree-granting, primarily baccalaureate or above",5,-95.247567,38.958549,NA,27565,1101,1186,14533,13032,9455,9807,799,890,1459,6629,7022,19245,17141,8468,8673,19262
2017,University of Kansas,1,30,67,108,49,30,0,0,155317,63,19338,KS,20,1,4-year,Public,1,1,"Degree-granting, primarily baccalaureate or above",5,-95.247567,38.958549,NA,27625,1141,1245,14566,13059,9431,9907,811,916,1530,6599,7070,19288,17151,8378,8773,19338
2018,University of Kansas,15,76,48,112,34,76,0,0.01643835616438356,155317,65,19596,KS,20,1,4-year,Public,1,1,"Degree-granting, primarily baccalaureate or above",5,-95.247567,38.958549,NA,27690,1150,1287,14693,12997,9477,10119,826,930,1645,6589,7206,19151,17333,8393,8940,19596
2019,University of Kansas,7,72,48,86,19,72,0,0,155317,67,NA,KS,20,1,4-year,Public,1,1,"Degree-granting, primarily baccalaureate or above",5,-95.247567,38.958549,NA,27552,1132,1327,14794,12758,9394,10273,833,953,1725,6529,7262,18890,17257,8274,8983,19667
2014,University of Michigan-Ann Arbor,12,387,212,737,32,387,0,0,170976,91,28395,MI,26,1,4-year,Public,1,1,"Degree-granting, primarily baccalaureate or above",5,-83.74313,42.276172,NA,43625,1742,4974,20886,22739,14449,13946,1166,3570,1209,8852,8679,24810,27395,13844,13551,28395
2015,University of Michigan-Ann Arbor,22,464,231,619,16,464,52,0,170976,90,28312,MI,26,1,4-year,Public,1,1,"Degree-granting, primarily baccalaureate or above",5,-83.743121,42.276061,NA,43651,1801,4903,21032,22619,14298,14014,1216,3595,1300,8658,8712,24517,27258,13706,13552,28312
2016,University of Michigan-Ann Arbor,22,594,295,606,14,594,41,0,170976,91,28983,MI,26,1,4-year,Public,1,1,"Degree-granting, primarily baccalaureate or above",5,-83.742769,42.275921,NA,44718,1874,5309,21789,22929,14551,14432,1255,3931,1495,8702,8928,24643,27969,13963,14006,28983
2017,University of Michigan-Ann Arbor,28,559,346,611,34,559,38,0.14520547945205478,170976,92,29821,MI,26,1,4-year,Public,1,1,"Degree-granting, primarily baccalaureate or above",5,-83.742769,42.275921,NA,46002,1930,5515,22594,23408,14966,14855,1263,4153,1696,8846,9094,25107,28702,14310,14392,29821
2018,University of Michigan-Ann Arbor,59,525,358,745,23,525,8,0.005479452054794521,170976,92,30318,MI,26,1,4-year,Public,1,1,"Degree-granting, primarily baccalaureate or above",5,-83.742769,42.275921,NA,46716,2015,5899,23084,23632,15252,15066,1284,4435,1911,8741,8915,24959,29245,14588,14657,30318
2019,University of Michigan-Ann Arbor,25,430,224,679,12,430,0,0,170976,93,NA,MI,26,1,4-year,Public,1,1,"Degree-granting, primarily baccalaureate or above",5,-83.742769,42.275921,NA,48090,2050,6397,23971,24119,15662,15604,1245,4858,2143,8637,9022,25106,30204,15026,15178,31266
2014,University of Missouri-Columbia,17,433,154,324,21,433,0,0,178396,69,27642,MO,29,1,4-year,Public,1,1,"Degree-granting, primarily baccalaureate or above",5,-92.326429,38.941015,NA,35425,2553,798,18717,16708,13264,14378,2268,643,960,10637,11156,27060,25859,12344,13515,27642
2015,University of Missouri-Columbia,9,348,156,294,11,348,0,0,178396,69,27791,MO,29,1,4-year,Public,1,1,"Degree-granting, primarily baccalaureate or above",5,-92.326429,38.941015,NA,35424,2542,779,18704,16720,13381,14410,2256,657,993,10593,11159,26903,26027,12433,13594,27791
2016,University of Missouri-Columbia,17,401,200,294,9,401,0,0,178396,68,25877,MO,29,1,4-year,Public,1,1,"Degree-granting, primarily baccalaureate or above",5,-92.326429,38.941015,NA,33239,2300,714,17677,15562,12411,13466,2003,605,964,9807,10449,25182,24124,11507,12617,25877
2017,University of Missouri-Columbia,7,548,265,275,4,548,0,0,178396,68,23799,MO,29,1,4-year,Public,1,1,"Degree-granting, primarily baccalaureate or above",5,-92.328843,38.94531,NA,30844,2078,728,16470,14374,11442,12357,1777,612,931,9029,9586,23367,22197,10634,11563,23799
2018,University of Missouri-Columbia,22,413,266,264,7,413,0,0.019178082191780823,178396,69,22484,MO,29,1,4-year,Public,1,1,"Degree-granting, primarily baccalaureate or above",5,-92.328843,38.94531,NA,29843,2067,718,16155,13688,10695,11789,1712,578,995,8383,9081,22486,20720,9755,10965,22484
2019,University of Missouri-Columbia,26,429,240,248,15,429,0,0,178396,71,NA,MO,29,1,4-year,Public,1,1,"Degree-granting, primarily baccalaureate or above",5,-92.328843,38.94531,NA,30014,2016,757,16481,13533,10597,11992,1611,597,1065,8319,9256,22624,20676,9689,10987,22589
2014,University of New Mexico-Main Campus,2,2,47,395,122,2,0,0,187985,48,21792,NM,35,1,4-year,Public,1,1,"Degree-granting, primarily baccalaureate or above",5,-106.620155,35.083868,NA,27844,682,912,15375,12469,9711,12081,559,682,9729,3754,4190,10762,16446,7463,8983,21792
2015,University of New Mexico-Main Campus,9,5,31,357,159,5,0,0,187985,48,21346,NM,35,1,4-year,Public,1,1,"Degree-granting, primarily baccalaureate or above",5,-106.620155,35.083868,NA,27285,633,945,14998,12287,9521,11826,513,724,9682,3585,4028,10289,16126,7275,8851,21347
2016,University of New Mexico-Main Campus,11,13,29,362,213,13,0,0,187985,44,21023,NM,35,1,4-year,Public,1,1,"Degree-granting, primarily baccalaureate or above",5,-106.620155,35.083868,NA,26999,633,990,14911,12088,9316,11707,512,760,9773,3386,3865,9872,15926,7171,8755,21023
2017,University of New Mexico-Main Campus,7,16,28,375,255,16,0,0.06575342465753424,187985,49,20354,NM,35,1,4-year,Public,1,1,"Degree-granting, primarily baccalaureate or above",5,-106.620155,35.083868,NA,26221,611,1021,14680,11541,8895,11459,488,788,9668,3092,3614,9257,15093,6707,8386,20354
2018,University of New Mexico-Main Campus,6,15,16,324,151,15,0,0.13424657534246576,187985,50,18621,NM,35,1,4-year,Public,1,1,"Degree-granting, primarily baccalaureate or above",5,-106.620155,35.083868,NA,24319,567,969,13611,10708,8177,10444,445,741,8909,2783,3249,8471,13624,6035,7589,18621
2019,University of New Mexico-Main Campus,13,11,11,217,170,11,0,0,187985,54,NA,NM,35,1,4-year,Public,1,1,"Degree-granting, primarily baccalaureate or above",5,-106.620155,35.083868,NA,22729,533,932,12797,9932,7547,9783,415,697,8410,2500,2932,7688,12705,5614,7091,17330
2014,University of North Florida,NA,NA,NA,NA,NA,NA,NA,0,136172,55,14121,FL,12,1,4-year,Public,1,1,"Degree-granting, primarily baccalaureate or above",4,-81.507853,30.270917,NA,15984,1553,674,8977,7007,6332,7789,1344,604,1352,4480,5265,11031,9901,4376,5525,14121
2015,University of North Florida,NA,NA,NA,NA,NA,NA,NA,0,136172,55,13817,FL,12,1,4-year,Public,1,1,"Degree-granting, primarily baccalaureate or above",4,-81.507853,30.270917,NA,15675,1506,691,8798,6877,6231,7586,1300,610,1383,4351,5063,10665,9562,4273,5289,13817
2016,University of North Florida,0,2,6,62,12,2,0,0,136172,54,13846,FL,12,1,4-year,Public,1,1,"Degree-granting, primarily baccalaureate or above",4,-81.507853,30.270917,NA,15762,1581,705,8965,6797,6110,7736,1349,615,1507,4234,5054,10550,9702,4237,5465,13846
2017,University of North Florida,8,0,7,78,1,0,0,0.038356164383561646,136172,57,14255,FL,12,1,4-year,Public,1,1,"Degree-granting, primarily baccalaureate or above",4,-81.509144,30.27194,NA,16309,1627,759,9356,6953,6272,7983,1336,668,1681,4324,5182,10833,10223,4457,5766,14255
2018,University of North Florida,2,1,27,54,14,1,0,0,136172,59,14483,FL,12,1,4-year,Public,1,1,"Degree-granting, primarily baccalaureate or above",4,-81.509144,30.27194,NA,16776,1610,843,9663,7113,6397,8186,1315,746,1877,4272,5211,10895,10452,4572,5880,14583
2019,University of North Florida,6,1,9,67,9,1,0,0,136172,67,NA,FL,12,1,4-year,Public,1,1,"Degree-granting, primarily baccalaureate or above",4,-81.509144,30.27194,NA,17117,1684,911,10023,7094,6368,8366,1364,812,2042,4152,5193,10845,10757,4620,6137,14734
2014,University of Pittsburgh-Pittsburgh Campus,42,470,174,221,57,470,0,0,215293,82,18757,PA,42,1,4-year,Public,1,1,"Degree-granting, primarily baccalaureate or above",5,-79.954692,40.444502,NA,28617,1393,2188,14902,13715,9259,9498,952,1582,530,7159,7022,19623,17694,8726,8968,18757
2015,University of Pittsburgh-Pittsburgh Campus,53,458,164,224,45,458,0,0,215293,82,18908,PA,42,1,4-year,Public,1,1,"Degree-granting, primarily baccalaureate or above",5,-79.954692,40.444502,NA,28649,1336,2292,14948,13701,9294,9614,934,1700,601,7069,6986,19264,17887,8763,9124,18908
2016,University of Pittsburgh-Pittsburgh Campus,36,413,161,251,66,413,0,0,215293,81,19123,PA,42,1,4-year,Public,1,1,"Degree-granting, primarily baccalaureate or above",5,-79.954692,40.444502,NA,28664,1401,2447,15197,13467,9231,9892,1014,1888,669,6873,7003,18933,18163,8729,9434,19123
2017,University of Pittsburgh-Pittsburgh Campus,50,388,145,196,43,388,0,0,215293,82,19326,PA,42,1,4-year,Public,1,1,"Degree-granting, primarily baccalaureate or above",5,-79.953254,40.444387999999996,NA,28642,1397,2494,15160,13482,9381,9945,984,1934,717,6914,6934,18772,18390,8885,9505,19326
2018,University of Pittsburgh-Pittsburgh Campus,34,210,94,172,52,210,0,0.6109589041095891,215293,83,19330,PA,42,1,4-year,Public,1,1,"Degree-granting, primarily baccalaureate or above",5,-79.953254,40.444387999999996,NA,28673,1379,2581,15409,13264,9221,10109,972,2028,809,6632,6900,18450,18421,8742,9679,19330
2019,University of Pittsburgh-Pittsburgh Campus,11,162,54,145,39,162,0,0,215293,83,NA,PA,42,1,4-year,Public,1,1,"Degree-granting, primarily baccalaureate or above",5,-79.953254,40.444387999999996,NA,32686,1562,2917,17947,14739,10747,12638,1146,2354,1094,7745,8712,21356,18392,8488,9904,23385
2014,University of Vermont,28,442,353,192,31,442,75,0,231174,76,10992,VT,50,1,4-year,Public,1,1,"Degree-granting, primarily baccalaureate or above",4,-73.198128,44.479262,NA,12856,166,388,7144,5712,4938,6054,137,278,472,4041,4951,10329,9898,4491,5407,10992
2015,University of Vermont,27,313,199,187,18,313,70,0,231174,77,10973,VT,50,1,4-year,Public,1,1,"Degree-granting, primarily baccalaureate or above",4,-73.198128,44.479262,NA,12815,183,401,7174,5641,4867,6106,157,292,450,3911,4928,10022,9991,4443,5548,10973
2016,University of Vermont,39,343,314,111,12,343,73,0,231174,74,11159,VT,50,1,4-year,Public,1,1,"Degree-granting, primarily baccalaureate or above",4,-73.198128,44.479262,NA,13105,169,411,7509,5596,4809,6350,148,311,475,3836,5124,10110,10183,4381,5802,11159
2017,University of Vermont,45,300,393,117,13,300,47,0,231174,75,11339,VT,50,1,4-year,Public,1,1,"Degree-granting, primarily baccalaureate or above",4,-73.196646,44.477325,NA,13340,187,425,7771,5569,4761,6578,153,321,473,3740,5291,10319,10395,4357,6038,11339
2018,University of Vermont,54,169,127,113,17,169,54,0,231174,76,11328,VT,50,1,4-year,Public,1,1,"Degree-granting, primarily baccalaureate or above",4,-73.196646,44.477325,NA,13395,204,415,7931,5464,4647,6681,152,312,448,3691,5419,10598,10434,4287,6147,11328
2019,University of Vermont,44,161,118,97,19,161,30,0.15342465753424658,231174,77,NA,VT,50,1,4-year,Public,1,1,"Degree-granting, primarily baccalaureate or above",4,-73.196646,44.477325,NA,13548,206,413,8117,5431,4645,6798,142,312,454,3763,5559,10859,10501,4246,6255,11443
2014,University of Virginia-Main Campus,6,146,32,213,16,146,0,0.1095890410958904,234076,94,16483,VA,51,1,4-year,Public,1,1,"Degree-granting, primarily baccalaureate or above",5,-78.502599,38.036546,NA,23732,1309,2392,12825,10907,7323,9160,994,1952,953,4520,5588,14611,15622,6963,8659,16483
2015,University of Virginia-Main Campus,8,145,32,153,15,145,0,0.01643835616438356,234076,93,16736,VA,51,1,4-year,Public,1,1,"Degree-granting, primarily baccalaureate or above",5,-78.505153,38.037796,NA,23883,1350,2467,12940,10943,7418,9318,1020,2020,971,4517,5648,14516,15807,7056,8751,16736
2016,University of Virginia-Main Campus,23,248,39,166,14,248,0,0,234076,94,16331,VA,51,1,4-year,Public,1,1,"Degree-granting, primarily baccalaureate or above",5,-78.503428,38.035665,NA,23898,1472,2545,12847,11051,7396,8935,1054,2094,1025,4418,5294,14211,15476,7088,8388,16331
2017,University of Virginia-Main Campus,21,326,58,194,7,326,1,0,234076,95,16655,VA,51,1,4-year,Public,1,1,"Degree-granting, primarily baccalaureate or above",5,-78.503428,38.035665,NA,24360,1521,2751,13129,11231,7541,9114,1098,2278,1095,4427,5296,14195,15766,7250,8516,16655
2018,University of Virginia-Main Campus,26,216,36,153,12,216,0,0,234076,94,16777,VA,51,1,4-year,Public,1,1,"Degree-granting, primarily baccalaureate or above",5,-78.503428,38.035665,NA,24639,1542,2877,13287,11352,7561,9216,1131,2388,1078,4358,5242,14168,15990,7280,8710,16777
2019,University of Virginia-Main Campus,20,165,18,115,6,165,0,0,234076,95,NA,VA,51,1,4-year,Public,1,1,"Degree-granting, primarily baccalaureate or above",5,-78.503428,38.035665,NA,25012,1545,3081,13419,11593,7667,9343,1129,2564,1130,4355,5227,14152,16267,7360,8907,17010
2014,Washington State University,10,241,326,149,283,241,52,0,236939,67,23867,WA,53,1,4-year,Public,1,1,"Degree-granting, primarily baccalaureate or above",5,-117.158168,46.730448,NA,28686,896,1497,14728,13958,11636,12231,804,1253,2827,7536,7908,18000,20843,10309,10534,23867
2015,Washington State University,11,291,343,163,301,291,43,0,236939,64,24470,WA,53,1,4-year,Public,1,1,"Degree-granting, primarily baccalaureate or above",5,-117.158168,46.730448,NA,29686,932,1544,15333,14353,11789,12681,833,1290,3209,7323,7896,17850,21384,10433,10951,24470
2016,Washington State University,11,161,339,138,282,161,49,0.15027322404371585,236939,67,24904,WA,53,1,4-year,Public,1,1,"Degree-granting, primarily baccalaureate or above",5,-117.158168,46.730448,NA,30142,919,1706,15690,14452,11902,13002,816,1443,3512,7274,7776,17430,21652,10418,11234,24904
2017,Washington State University,13,182,295,124,351,182,39,0.021917808219178082,236939,62,25277,WA,53,1,4-year,Public,1,1,"Degree-granting, primarily baccalaureate or above",5,-117.158168,46.730448,NA,30614,928,1799,15982,14632,12023,13254,806,1509,3691,7337,8022,17696,22166,10656,11510,25277
2018,Washington State University,23,168,254,76,305,168,42,0,236939,59,26098,WA,53,1,4-year,Public,1,1,"Degree-granting, primarily baccalaureate or above",5,-117.158168,46.730448,NA,31478,964,1932,16603,14875,12334,13764,834,1573,3964,7489,8376,18330,22877,10863,12014,26098
2019,Washington State University,11,146,272,75,226,146,38,0.13150684931506848,236939,60,NA,WA,53,1,4-year,Public,1,1,"Degree-granting, primarily baccalaureate or above",5,-117.158168,46.730448,NA,31607,875,2026,16815,14792,12171,13891,750,1612,4112,7341,8467,18514,23092,10816,12276,26062
2014,West Virginia University,12,515,427,189,8,515,0,0.13424657534246576,238032,57,22563,WV,54,1,4-year,Public,1,1,"Degree-granting, primarily baccalaureate or above",5,-79.953926,39.63468,NA,29175,1232,545,14076,15099,12251,10312,1011,352,788,9706,8739,23350,20863,11434,9429,22563
2015,West Virginia University,13,482,532,206,14,482,0,0.08493150684931507,238032,57,22498,WV,54,1,4-year,Public,1,1,"Degree-granting, primarily baccalaureate or above",5,-79.953926,39.63468,NA,28776,1224,516,13936,14840,12066,10432,997,333,804,9477,8764,22835,20532,11201,9331,22498
2016,West Virginia University,15,677,513,256,32,677,0,0,238032,57,22350,WV,54,1,4-year,Public,1,1,"Degree-granting, primarily baccalaureate or above",5,-79.954391,39.634371,NA,28488,1278,510,13785,14703,11976,10374,1048,337,825,9145,8642,22316,20524,11128,9396,22350
2017,West Virginia University,23,626,617,259,19,626,5,0,238032,58,22504,WV,54,1,4-year,Public,1,1,"Degree-granting, primarily baccalaureate or above",5,-79.954391,39.634371,NA,28409,1194,513,13917,14492,11879,10625,984,343,804,8990,8810,22191,20713,11064,9649,22504
2018,West Virginia University,11,410,554,205,34,410,19,0.4602739726027397,238032,60,21155,WV,54,1,4-year,Public,1,1,"Degree-granting, primarily baccalaureate or above",5,-79.954391,39.634371,NA,26864,1042,488,13425,13439,10885,10270,857,330,809,8345,8573,21221,19568,10171,9397,21155
2019,West Virginia University,10,417,490,187,25,417,29,0,238032,61,NA,WV,54,1,4-year,Public,1,1,"Degree-granting, primarily baccalaureate or above",5,-79.954391,39.634371,NA,26839,1001,541,13696,13143,10566,10520,813,350,839,8204,8726,21238,19369,9814,9555,21086
